Dish Name,Weight_Loss,Bodybuilder
POACHED EGGS,0,0
CREAMY MUSSELS WITH SMOKY BACON & CIDER,0,1
ASPARAGUS & CRAB LINGUINE,0,1
Spiced Doughnuts,0,0
SALMON FISHCAKES,0,1
JUICY SEARED STEAK,0,1
Southeast Asian Style Seafood Parcels,1,0
Wild Rice Brussels Sprout Super Salad,1,0
MINCE PIES,0,0
CREAMY PANEER & VEG CURRY,0,1
Humble Stone Fruit Crumble,0,0
CLASSIC GUACAMOLE,0,0
Grilled Roasted Potatoes,1,0
THAI-STYLE MUSSELS,0,0
"ONE-CUP PANCAKES, TROPICAL YOGHURT & MANGO",1,0
FISH SOUP,0,0
Chocolate Biscuit Pudding,0,1
QUICK STEWED SQUID WITH TOMATOES,1,0
AUBERGINE PENNE ARRABBIATA,1,0
Spring Vegetable Stew Vignole,0,0
Epic Lamb Kebabs,0,0
My Kinda Butter Chicken,0,0
BEAUTIFUL COURGETTE CARBONARA,0,1
QUICK LAMB KEBABS,0,0
Squash Ricotta Ravioli,0,0
VEGGIE ARROSTO MISTO,0,0
Stuffed Braised Squid,0,0
NEXT-LEVEL PROSECCO,0,0
JAMIE'S MULLED WINE,0,0
SUPER LEEK & POTATO SOUP,0,1
Venison Dopiaza,0,1
Smush Ins,0,0
GLUTEN-FREE PEANUT BUTTER COOKIES,0,0
STORE-CUPBOARD FRIDGE CAKE,0,0
TOMATO & GARLIC CHUTNEY,0,0
Prawn Salad With Chilli And White Cabbage,1,0
BLACK FOREST FRUITS & COCONUT YOGHURT BARK,0,0
SUPER GREENS CANNELLONI,0,1
PANISSA RICE,1,0
Spicy Watermelon Salad,0,0
BEEF & BROCCOLI STIR-FRY,0,0
SOCCA PANCAKES WITH BROCCOLI & CHEESE,0,0
CHEESY CORNBREAD,1,0
Marmalade Cake,0,0
Roast Chicken With Potatoes Carrots,0,1
SPRING CHICKEN STEW,0,1
AUBERGINE FLATBREADS,0,0
LIV TYLER'S PRAWN DUMPLINGS,1,0
"GLUTEN-FREE PARSNIP, PORK & APPLE STUFFING",0,0
SEARED TUNA STEAK,0,0
SRIRACHA,0,0
GIANT VEGGIE PUFF ROLL,0,0
EASY VEGGIE STIR-FRY,0,0
PETAL'S BIRTHDAY CAKE,0,0
CHICKEN FAJITAS WITH GUACAMOLE,0,1
DUCK CARNITAS (LITTLE MEATS),0,0
VEGETABLE BHAJI SALAD,0,0
SAUSAGE LINGUINE,0,0
Sesame Roast Chicken,0,0
POTATO BOMBAS,0,0
BAY SALT PRAWN SKEWERS,1,0
UNBELIEVABLE PROVENÇAL BAKE,0,1
Squashed Brussels,1,0
DOLLY’S BRAMBLE TRIFLE,0,0
COCKLE & SEAWEED RISOTTO,0,0
Jaffa Cakes,0,0
Coconut Penny Toffees,0,0
HELEN’S SWEET POTATO & RED PEPPER STEW,0,1
Winter Pasta Salad,0,1
SHEPHERD'S PIE,0,1
POTATO & SMOKED TROUT HASH WITH CREAMY HORSERADISH DRESSING,0,0
PAN-FRIED DUCK BREAST WITH CREAMY WHITE BEANS,0,1
CHICKEN SALAD,0,0
ROASTED GAME BIRD PIE,0,0
Monkfish With Spinach Feta,1,0
Orange Polenta Cake,0,0
Frozen Cranberry Cranachan,0,0
KEN’S PORK & BROCCOLI STIR-FRY,0,1
Spaghetti Frittata,0,0
MEXICAN REFRIED BEANS,1,1
EGG & MANGO CHUTNEY FLATBREADS,0,1
Braised Spring Chicken,0,0
Michela S Carrot Ricotta Pasta,0,1
Peperonata Coddled Eggs,0,0
DEEP-PAN PIZZA,0,0
Tender And Crisp Chicken Legs With Sweet Tomatoes,0,0
GLUTEN-FREE APPLE CHRISTMAS CAKE,0,0
HARRY HILL'S VEGETARIAN THALI,0,0
"RASPBERRY, AGAVE & VANILLA FROZEN YOGHURT",0,0
Festive Salad,0,0
Whole Roasted Salmon Stuffed With Lemon And Herbs,0,1
SPAGHETTI ATTERRATI,0,0
MY FAVOURITE PAELLA,0,0
Pot Roast Cauliflower,1,0
CRISPY PAPRIKA SPATCHCOCK CHICKEN,0,1
CHOCOLATE ICE CREAM,0,0
Masala,1,0
QUICK CRANBERRY COCKTAIL,0,0
"GREENS, FETA & RICOTTA HAND PIES",0,1
EPIC PRAWNS & BEANS,1,1
Fabulous Fish Stew,0,0
TORTELLI AL MAGRO,0,1
QUESADILLAS WITH GUACAMOLE,0,0
Spring Chicken Stuffed With Black Pudding And With Braised Baby Vegetables,0,0
Runner Beans Goat S Cheese Walnuts On Sourdough,0,0
My Veggie Enchiladas,0,1
THE QUICKEST TOMATO SAUCE,0,0
LAMB & CHUNKY VEG STEAMED PUDDING,0,0
Beetroot Lemon Houmous,0,0
CUMBERLAND SAUSAGE CASSEROLE,0,1
BUTTER BEANS WITH A SPICY ZING,0,1
Quick Kerala Fish Curry,0,0
GRIDDLED MACKEREL WITH A COURGETTE & BEAN SALAD,0,0
Baked Sweet Potatoes Avocado Queso Fresco,0,0
Dj Bbq S World S Best Meatloaf,0,0
SICILIAN FISH BAKE,0,0
Cedro Lemon Bruschetta,0,0
TURKEY SLOPPY JOES,0,0
Lobster Mac N Cheese,0,0
JAMIE'S EASY TURKEY,0,0
BASIC TOMATO SAUCE,0,0
WALNUT-WHIP AFFOGATO,0,0
CAULIFLOWER MAC 'N' CHEESE,1,0
RISOTTO AL FINOCCHIO E LIMONE,0,1
HARVEST SALAD,0,0
STRAWBERRY MARTINI,0,0
"ROASTED BABY PUMPKINS WITH CHESTNUT, CHERRY & DOLCELATTE STUFFING",0,0
CHARRED CABBAGE IN WARM GOCHUJANG VINAIGRETTE,0,1
Chicken Chorizo Paella,1,0
BAKED CHEESE,0,0
GENNARO'S SIMPLE TUNA BUCATINI,0,0
Christmas Mulligatawny Soup,1,0
Fish In Crazy Water,0,0
"CHESTNUT, ROSEMARY & PANCETTA FOCACCIA",0,0
Lamb Chops With Ratatouille,0,0
HELEN’S MEDITERRANEAN PIE,0,1
CHICKEN SALPICAO SUB,1,0
"TOMATO, BASIL AND PROSCIUTTO OMELETTE",0,0
Plum Lattice Pie,0,0
STORE CUPBOARD PEACH BELLINI,0,0
"SLICED FENNEL, ORANGE & ALMOND SALAD",1,0
"BREAD, WATERMELON & HALLOUMI SALAD",0,0
Red Red Stew,0,1
Sticky Miso Aubergine,0,0
CHICKEN & SPRING GREEN BUN CHA,0,1
Cranberry Pumpkin Seed Crispbreads,0,0
Epic Vegan Chocolate Cake,0,0
SUNNY SIDE-UP EGGS,0,0
BROWN RICE BOWL,0,0
SOUTHERN-STYLE SAUSAGE STEW,0,0
JAMIE'S ULTIMATE CANADA DAY BURGER,0,0
GLUTEN-FREE SPRING FLATBREAD PIZZAS,0,1
Asparagus Nicoise,0,0
Leftover Turkey Banh Mi,0,0
Buddy S Mince Pie Pinwheels,0,0
Super Couscous Salad,0,1
Spring Chicken Traybake,0,0
Grilled Asparagus With Olive Oil Lemon And Parmesan,0,0
PRAWN PANZANELLA,0,0
DECADENT CHOCOLATE CAKE,0,0
MINT CHOC TEACAKES,0,0
RYE BREAD SCONES,1,0
Easy Prawn Curry,0,0
RYE SODA BREAD,1,0
ACHARI KEEMA,0,1
Mushroom Soup,0,0
SIMPLE MEATBALLS,1,0
CLAUDIA WINKLEMAN'S BUTTER CHICKEN,0,0
PEARS IN AMARONE,0,0
SAUSAGES WITH REAL BAKED BEANS,0,0
VANILLA CUSTARD,0,0
CHICKEN LOLLIPOP DIPPERS,0,1
Cheesy Pancake Stack,0,0
Mediterranean Vegetable Rice,0,0
SUPER ROAST CHICKEN & CHIPS,1,1
Mango And Apricot Pickle,0,0
BEAUTIFUL BERRY COCKTAIL,0,0
Sausages With Pan Cooked Chutney And Leek Mash,0,0
Veggie Pasta Bake,0,0
STEAMING RAMEN,0,0
QUICK CRISPY DUCK,0,0
GLUTEN-FREE OAT & RAISIN COOKIES,0,0
Vegan Mushroom Rolls,1,0
Kalupol Roast Chicken,0,1
CHRISTMAS PUDDING SPOONS,0,0
AMALFI LEMON LAYER CAKE,0,0
BAKED WHITE FISH,0,0
PORK MEATBALLS,0,1
CHICKEN & MUSHROOM PASTRY PARCELS,0,0
POST-GYM SUPER SALAD,1,0
"VEGAN CHOCOLATE, CHERRY & HONEYCOMB PARFAIT",0,0
INCREDIBLY DELICIOUS CHICKEN SALAD,0,1
BURRATA WITH CHERRY TOMATOES & MINTY PISTACHIO PESTO,0,0
SECRET VEG SAUCE,0,0
PATSY'S GARLIC & CHILLI PRAWNS,0,0
Epic Roast Chicken Salad,0,1
Omega 3 And Couscous,0,0
SPICED CHICKEN SKEWERS,0,1
Louie And Gennaro S Ultimate Cheeseburgers,0,0
Baby Yorkshire Puds Creamy Smoked Trout Horseradish Pate,0,0
Chicken Shish Kebab,0,0
Upside Down Fish Pie,0,1
CHOCOLATE ORANGE SHORTBREAD,0,0
APRICOT SAUCE,0,0
HEARTS OF PALM & CHICKEN CHOPPED SALAD,0,0
SUPER-SILKY HOUMOUS,1,0
SPEEDY SPONGE PUDDINGS,0,0
Whole Roasted Miso Aubergine,1,0
ROLLED CARROT CAKE,0,0
GRILLED AND MARINATED RABBIT (CONIGLIO MARINATO ALLA GRIGLIA),0,0
POTATO & ARTICHOKE AL FORNO,0,0
Spicy Store Cupboard Soup,1,0
SAGANAKI LAMB SKEWERS WITH PICKLED CABBAGE,0,0
HOMEMADE CANDIED PEEL,0,0
SPRING VEG LINGUINE,0,0
Bread Butter Panettone Pudding Tart,0,0
PLANTAIN DOSA,0,0
PANETTONE MUFFINS,0,0
TURKEY TONNATO,0,0
CHOCOLATE MOUSSE & COMPOTE,0,0
GRILLED MOROCCAN LAMB CHOPS,0,0
GAME-ON CURRY,0,0
SPICED PLUM CHUTNEY,0,0
TOM DALEY'S SWEET & SOUR CHICKEN,1,0
BUBBLE & SQUEAK WITH HAM AND EGGS,0,1
GARLIC CHICKEN,0,0
Goulash Soup,0,0
Cheats Squash Pasta,0,0
Strawberries With Lemon And Mint Fragole Con Limone E Menta,0,0
Mushroom Risotto,0,0
CHRISTMAS DAY GRAVY,1,0
KERALA FISH CURRY,1,0
Super Green Risotto Soup,0,1
Air Fryer Stuffed Olives,0,0
SAMBAL NENAS (PINEAPPLE RELISH),0,0
SOUTH AMERICAN-STYLE GUACAMOLE WITH POPPED BLACK BEANS,0,0
Lemon Pistachio Cannoli,0,0
FRUMPY VEG PIE,1,0
Meyer Lemon Cake,0,1
Brilliant Broccoli Pizza,0,0
Flaky Pastry Pesto Chicken,0,0
ROASTED RED ONIONS,0,0
STEAK SALAD,0,0
TAGLIATELLE WITH ASPARAGUS AND TOMATO,1,0
SAVOURY PANCAKES WITH PANEER & SPINACH STUFFING,0,0
Air Fryer Herby Cheese Soda Bread,1,0
STUFFED PANCAKES,1,0
EASY RUSTIC GNOCCHI,0,1
SPINACH & EGGS,0,1
Tagliatelle With Asparagus Crispy Pancetta And Parmesan,0,0
QUICHE,0,0
ONE-PAN FABULOUS FISH,1,1
MEXICAN BREAKFAST,1,0
A BASIC RECIPE FOR FRESH EGG PASTA,1,0
CHOCOLATE MOUSSE WITH PRUNES,0,0
AMAZING HASSELBACK POTATOES,0,0
Prune Armagnac Cake,0,0
Mapo Tofu,0,1
Chocolate Guinness Cake,0,0
Sarit And Itamar Mushroom Sfiha,0,1
AMAZING ROUND LETTUCE SALAD,1,0
BRILLIANT GLUTEN-FREE BREAD SAUCE,0,0
Piri Piri Pork Belly,0,0
Creamy Kale Gnocchi,0,0
Roast Chicken With Mixed Mushroom Stuffing,0,0
Bakewell Tart,0,0
NIGERIAN SUYA,0,0
Salmon En Croute ,0,0
Beef Wellington For Two,0,0
WILD STRAWBERRIES AND VANILLA CREAM,0,0
ALESHA DIXON'S SPICY PRAWNS,0,0
CHERRY ICED TEA MOCKTAIL,0,0
Squash Goat S Cheese Bruschetta,1,0
Rogan Josh Scotch Eggs,0,0
AROMATIC LAMB CURRY,0,0
BRUSSELS GRATIN,1,0
Mega Mozzarella Stuffed Burgers,0,0
CHOCOLATE POTS,0,0
MEXICAN MARINATED PORK TENDERLOIN,0,0
A BASIC RISOTTO RECIPE,0,1
Spice Island Coconut Fish Curry,0,1
Dab Asparagus Bake,0,0
Jamie S Sweet Sour Chicken,0,0
My Nan S Lemon Drizzle Cake,0,0
Chocolate Porridge,0,0
INCREDIBLE SICILIAN AUBERGINE STEW WITH COUSCOUS,0,0
Sesame Salmon,0,0
SEARED TURMERIC CHICKEN,0,1
STRAWBERRY & BALSAMIC TART,0,0
Speedy Quiche Traybake,0,1
FRUIT & NUT TOPPING FOR CHRISTMAS CAKE,0,0
STICKY TOFFEE PUDDING,0,0
"SPINACH, FETA & LEMON FILO PIE",1,0
Veggie Lasagne,0,1
GREEN TEA AND VANILLA PANNACOTTA WITH CHOCOLATE SAUCE,0,0
JAPANESE-INSPIRED SEAFOOD SALAD,0,0
Langoustines With Lemon Pepper Butter,0,0
OLD-FASHIONED SWEET SHORTCRUST PASTRY,0,0
CHOCOLATE CHERRY HOT CROSS BUNS,0,0
THAI RED SQUASH NOODLE SOUP,0,0
SPAGHETTI VONGOLE,0,0
Air Fryer Grilled Mediterranean Veg Flatbread,0,0
Sweet And Sour Stir Fry,0,0
TEAR ’N’ SHARE BREAD,0,0
"POMEGRANATE, GINGER & LIME FLAVOURED WATER",0,1
THAI-STYLE CRISPY SEA BASS,0,0
MINT CAIPIRINHA FRUIT SALAD,0,0
BRILLIANT BREAKFAST WAFFLES,0,0
Smoky Sweet Potato Chilli With Crispy Tortilla,0,0
CORNISH COWBOY PASTIES,0,0
Five Spice Salmon Tacos,0,1
Tropical Fruit Plate,1,0
ROASTED VEGGIE CURRY,0,0
LITTLE CHERRY AND CHESTNUT CHOCOLATE BROWNIES,0,0
Summer Chickpea Salad,0,0
FETA FILO TURNOVERS,0,0
Chicken And Bacon Pasta,0,1
MIXED FISH GRILL WITH LEMON COUSCOUS,1,1
Quick And Easy Pasta Salad,1,1
Chicken Squash Cacciatore,0,1
BACON AND ONION QUICHE,0,1
COCONUT FUDGE,0,0
Involtini,0,0
Baked Berries With Brandy Mascarpone,0,0
Smoked Salmon Omelette With Sprouts,0,0
Traybaked Pear Ginger Tarte Tatin,0,0
MICROWAVE MUG CAKE,0,0
Punjabi Kadhai Paneer,0,1
Michela S Banana Pear Prunes No Cook,0,1
CORONATION–STYLE TURKEY & CHARRED AUBERGINE,0,0
LA-STYLE TURKEY SALAD,0,0
Tapas Feast Tortilla Glazed Chorizo Manchego Cheese Cured Meats Honey Stuffed Peppers Rolled Anchovies,0,0
CREAMY PRAWN LINGUINE,0,1
SPELT SPAGHETTI,0,1
KUGELHOPF,0,0
EPIC VEGAN LASAGNE,0,0
Mushroom Curry,0,0
TOMATO & BASIL OMELETTE,0,0
SOUTH AMERICAN FISHCAKES,0,0
CHOCOLATE CHIP MUFFINS,0,0
DOUBLE WHAMMY ARRABBIATA,1,0
Crispy Squid Prawns With Homemade Sweet Chilli Sauce,0,1
TUNA & CAPER BUTTER,0,0
CHARGRILLED PORK ESCALOPES,0,1
THAI RED CHICKEN & BUTTERNUT SQUASH SOUP,0,0
FRESH SMOKED SALMON AND BEETROOT SALAD,0,0
SEMOLINA TEARDROP DUMPLINGS,1,0
Roasted Red Onion Bacon,0,0
AIR-FRYER CHEDDAR CHEESE & CHIVE SCONES,0,0
Jam Jar Prawn Cocktails,0,0
Butterflied Leg Of Lamb With Mexican Style Marinade,0,0
Irish Potato Cakes,1,0
QUICK SALT COD,0,0
Smoked Salmon,1,0
SMOKY VEGGIE CHILLI,0,0
Gluten Free Pasta Dough,0,0
BLOOMIN' BRILLIANT BROWNIES,0,0
LEMON BUTTER BISCUITS,0,0
HOMEMADE TOMATO KETCHUP,0,0
PYTT Y PANNA (LITTLE PIECES IN A PAN),0,0
ANNA FRIEL'S BALINESE PORK STEW,0,0
MANGO RICE PUDDING,0,0
FLUFFY COCONUT RICE,0,0
CHOCOLATE TRUFFLE CHESTNUT TORTE,0,0
Aubergine Kuzi,0,0
GRILLED PICANHA WITH BUTTERNUT SQUASH,0,0
SUPER-SIMPLE CHICKEN CURRY TRAYBAKE,0,0
Wholemeal Crust Pizza Rossa,1,0
SAAG PANEER,0,0
MY BOTHAM BURGERS,0,0
Quick Steak Stir Fry,0,0
"POTATO, PARMESAN & SAGE RÖSTIS WITH BEEF BOURGUIGNON",1,0
VEGETABLE KARAHI,0,1
Garlic Chilli Baked Beans,1,0
Pizzette Di Melanzane,0,1
WHOLE ROASTED PHEASANT,0,0
JUMBO FISH FINGERS,0,0
SPINACH & FETA FILO PIE,0,0
Hot Cross Buns,0,0
CASARECCE WITH BROCCOLI & ANCHOVIES,0,0
HELEN’S TUNA PASTA,1,1
Beef Wellington,0,0
FREEZER-RAID SPRINGTIME RISOTTO,0,0
"PENNE WITH TOMATO, BASIL, OLIVES AND PECORINO",0,0
WILD BOAR BURGERS,0,1
BUCKWHEAT CREPES WITH POACHED APPLE & PEAR,0,0
"PAPPARDELLE WITH PEAS, BROAD BEANS & PECORINO",1,0
Satay Burgers,0,1
EGG & MANGO CHUTNEY FLATBREADS,0,0
SOY & SESAME TUNA CEVICHE,0,0
SUPER SMOOTHIE ICE LOLLIES,0,0
Mushroom Toad In The Hole,0,1
JOSÉ PIZARRO’S ZORONGOLLO,0,1
CAULIFLOWER CHEESE SPAGHETTI,0,0
Rhubarb Sorbet With Pistachio Brittle,0,0
Sausage Pasta Bake,0,0
Chickpea Squash Casserole,1,0
Sicilian Style Tuna Carpaccio,0,0
Dairy Free Chocolate Truffles,0,0
Chicken Panzanella,0,0
BEEF STIFADO,0,0
MY BEAUTIFUL MAYO,0,0
BREAKFAST POPOVERS,1,0
Polpette Di Pollo,0,0
Beetroot Nicoise Salad,0,1
BEĆAR PAPRIKAŠ: SLOW-COOKED PEPPERS,0,1
Cherry Tomato Coconut Chicken Curry,0,0
LEMON POTATOES,1,0
BILFRED’S GARDEN SOUP,1,0
Slow Cooked Pigeon,0,0
Apple And Walnut Risotto With Gorgonzola,0,0
STIR-FRIED DUCK WITH SUGAR SNAP PEAS AND ASPARAGUS,0,0
Roasted Brussels Sprouts,1,0
GRILLED AND ROASTED PORK (MAIALE ALLA GRIGLIA E ARROSTO),0,0
CRUNCHY CHICKEN PIECES WITH A HERBY YOGHURT DIP,1,0
Wholewheat Ravioli With Courgette Flowers Ricotta,0,1
Leigh On Sea Sole,0,0
SOUTH AMERICAN-STYLE BRUNCH,0,0
FENNEL GRATIN,1,0
Loaded Beefburger,0,0
"TOMATO, BLACK OLIVE, FETA & ANCHOVY TART",0,0
Buddys One Cup Pancakes,1,0
Sizzling Squid,0,0
SEHRISH'S OLD-SCHOOL CHOCOLATE CAKE,0,0
Broad Bean Salad,0,0
Scruffy Aubergine Lasagne,0,1
PEAR & GORGONZOLA FARFALLE,0,0
Prawn Courgette Spaghetti,0,0
MUSHROOM SWIRLS,0,0
CANNELLINI BEAN & PASTA SOUP,1,1
JOHNNY VEGAS' FILLET STEAK FLAMBÉ,0,0
Sweetcorn And Mussel Chowder,0,0
BRIGADEIROS,0,0
Pink Grapefruit Vodka Cooler,0,0
Aubergine Black Chickpea Orecchiette,1,0
SAUSAGES AND GREEN LENTILS WITH TOMATO SALSA (SALSICCE CON LENTICCHIE VERDI E SALSA DI POMODORO),0,0
Korma,1,0
Rosemary Garlic Lamb Shoulder,0,1
GEORGIAN-INSPIRED ROAST CHICKEN,0,0
SPICY BARBECUED LEG OF LAMB,0,0
Roasted Carrot Salad,1,0
CURRIED CAULIFLOWER CHEESE SOUP,0,0
New Potatoes Trout,0,0
CHOCOLATE CELEBRATION CAKE,0,0
SCOTCH EGGS,0,1
CHICKEN BAKED IN A BAG,0,0
Gorgeous Greek Chicken With Herby Vegetable Couscous Tzatziki,0,1
MUSHROOM SOURDOUGH BRUSCHETTAS,0,0
SUMMER CRUNCH SALAD WITH WALNUTS AND GORGONZOLA,0,0
Epic Chocolate Trifle,0,0
Pan Seared Venison With Blueberries Shallots And Red Wine,0,0
LIZ'S LAMB BALTI,0,0
Amazing Diy Chocolate Truffles,0,0
ONE-TRAY BAKE,0,0
VEGGIE PILAF,0,0
Pistachio Pesto Pasta Salad,0,0
Mango Kimchi,0,0
Balsamic Potatoes,1,0
Mango Cooler,0,0
SPICY TOMATO PASTA,0,0
GRILLED STEAK RATATOUILLE & SAFFRON RICE,0,0
RED MULLET SASHIMI,0,0
VEAL RAGÙ CANNELLONI,0,0
Toffee Apple Tart,0,0
ROASTED CHICKEN BREAST WITH CHERRY TOMATOES AND ASPARAGUS,0,0
Gennaro S Classic Spaghetti Carbonara,0,0
Vanilla Cupcakes,0,0
SESAME AND CHILLI OIL NOODLES,0,1
BANANA TARTE TATIN,0,0
Roast Duck 2,0,0
Cajun Blackened Fish Steaks,1,0
Buddy S Grilled Fruit Salad,0,0
Seared Sesame Tuna,0,0
CHOCOLATE CLAFOUTIS,0,0
Oysters With Chilli Ginger And Rice Wine Vinegar,0,0
PAN-SEARED LAMB,0,1
Best Roast Potatoes,1,0
GREEN PANCAKE STACK,0,0
PRAWN TOAST TOASTIE,1,1
PAN-FRIED DUCK BREAST WITH SPRING VEG,0,1
Bloody Mary Seafood Platter,0,0
CRISPY SKIN LEMON SOLE,0,0
ALL-IN-ONE RICE & CHICKEN,1,0
Broken Beans,0,1
"FENNEL, CRAB & ORANGE SALAD",0,0
BALSAMIC LAMB SHOULDER,0,0
Marinated And Grilled Salmon,0,0
TREVOR'S CHICKEN,0,0
ORECCHIETTE,1,0
"MUST-TRY RED CABBAGE BRAISED WITH APPLE, BACON & BALSAMIC VINEGAR",1,0
ARROSTO MISTO,0,0
CRISPY NOODLE FISHCAKES,0,1
MUSHROOM CANNELLONI,0,1
BEEF KOFTA CURRY,0,0
Lemony Prawn Courgetti,0,0
Posh Fish Chips,0,0
QUICK LAMB TAGINE,0,1
BARBECUED CHICKEN,0,0
Sour Cherry Stollen,0,0
SEA & MOUNTAIN SKEWERS,0,0
HOT ’N’ SOUR RHUBARB WITH CRISPY PORK,0,0
SMOKED SALMON & AVOCADO SALAD,0,1
Susan Sarandon S Seafood Gumbo,0,0
MELIZ’S HALLOUMI SPICED SCRAMBLED EGGS,0,1
HOMEMADE KEBABS & FLATBREADS,0,0
Bath Buns,0,0
STUFFED CURRIED AUBERGINES,0,0
Roasted Veg Vindaloo With Golden Gnarly Chicken Skewers,0,1
ULTIMATE BARBECUE BURGERS,0,0
ROAST CARROT & AVOCADO SALAD,0,0
THE BEST BAKED PUMPKIN,0,0
GNARLY PORK & PINEAPPLE NOODLES,0,0
GLUTEN-FREE RATATOUILLE,0,0
DIY OATY FRUITY CEREAL,1,0
COOKED OYSTERS WITH BURNT BUTTER,0,0
Beautiful Veggie Moussaka,0,0
AMBA SAUCE,0,0
Potato Al Forno,0,0
APRIL'S ROSEMARY STRAW POTATOES WITH LEMON SALT,0,0
Sancochado,0,0
THROW-IT-ALL-IN VEGGIE NOODLE BOWL,1,1
Roast Meatloaf With Tomatoes Garlic And Basil,1,0
SORBETTO AL POMODORO,0,1
BASIC BREAD RECIPE,1,0
White Sourdough,1,0
BEAUTIFUL LAMB SHANKS,0,0
SICILIAN MEATBALLS AL FORNO,0,0
Crispy Prawn Parcels,0,1
LEMONGRASS MOJITO,0,0
BEST LAMB CUTLETS WITH SPECIAL BASIL SAUCE,0,0
STRAWBERRY SLUSHIE,0,0
FILIPE'S FOLAR DE OLHAO,0,0
Grilled Cajun Prawns,0,1
Baked Rice With Chicken Chorizo,0,1
FRIDGE CAKE,0,0
Crostini Prosciutto Figs And Mint,1,0
"GRAPEFRUIT, CARROT & APPLE JUICE",0,0
Spiced Sea Bass With Caramelised Fennel,0,0
SWEET PEA AND PECORINO SALAD,0,0
JEFFREY’S SWEET CHILLI TOFU,0,1
Stuffing,0,0
GLORIOUS FIGS & BAKED FETA,0,0
MUSTARD CHICKEN MILANESE,0,0
MANGO CHUTNEY FISH BALLS,0,0
GREEK-CYPRIOT PASTA,0,0
DEVILLED EGGS,0,0
FRAGRANT SQUASH CURRY,1,0
FRIED HALLOUMI (WARA/WAGASHI),0,1
Chestnut Brussels Sprouts Pie,0,0
Gennaro S Parma Ham Red Pepper With Taglierini,0,0
BUDDY’S POTATO SALAD,0,0
SMOKED SALMON OAT BLINIS,1,1
Nonna Mercedes Fonduta,0,0
Tasty Fish Tacos,1,1
LEFTOVER LAMB FILO CIGARS,0,0
Oxtail Stew,0,0
HOLLANDAISE SAUCE,0,0
ORECCHIETTE CON BROCCOLI,0,1
SALSA SPAGHETTI,0,0
Pork Black Beans,0,0
TAHINI BBQ LAMB CHOPS,0,1
Passion Fruit Caipirinha,0,1
Herby Steak Crispy Potatoes,0,0
Baked Mushrooms,0,0
Fish Finger Sarnies,0,0
Buddys Eggy Bread,0,0
GRILLED BUTTERFLIED MONKFISH WITH A SWEET RUNNER BEAN STEW,0,0
Cassoulet De Essex,0,0
BEAUTIFUL CRAB CAKES,1,0
Ant Dec S Japanese Feast,0,0
Kurnik,0,0
Michela S Banana Kale No Cook,0,1
Pineapple Tatin,0,0
CHARGRILLED TUNA WITH DRESSED BEANS AND LOADSA HERBS,0,0
A VERY BRITISH BOLOGNESE,1,1
MANGO LASSI,1,0
CRISPY PEKING DUCK IN PANCAKES,0,0
Cinder Baked Artichokes With Lemon Bay And Prosciutto,0,0
CHICKEN & ASPARAGUS CRUSTLESS TART,0,0
Sweet Pea Orecchiette,0,0
EASY HOMEMADE CURRY PASTES,0,1
ROASTED RAZOR CLAMS,0,0
DECEMBER SCONES,0,0
CHRISTMAS CARBONARA,0,0
Spiced Cauliflower Rice Pie,0,0
SESAME PRAWN TOASTS,0,0
GRILLED OR ROASTED MONKFISH WITH BLACK OLIVE SAUCE AND LEMON MASH,0,1
BOXING DAY BUBBLE & SQUEAK,0,0
ICE-CREAM SANDWICHES,1,0
Stuffed Folded Flatbread,0,0
SCRUMMY WARM ROCKET SALAD,0,0
Venison Wellington,0,0
Crab Chilli And Pink Grapefruit Salad,1,0
Jack Dee S Rotisserie Style Chicken,0,0
Lemon Veg Goat Cheese Tart,0,0
GRANOLA DUST WAFFLES,1,1
SUPERFRUIT SUNDAES,0,0
Super Food Protein Loaf,0,0
Garlic And Chilli Tear N Share Rolls,1,0
Minty Courgette Tart,0,0
THE HIX TURKEY BURGER,0,1
Swordfish Cherry Tomatoes Amp Capers,1,0
Warm Winter Salad,0,0
Comforting Sausage Bake,0,0
Buddy S Veggie Nachos,0,0
CHEAT’S DEEP-PAN PIZZA,0,0
Pukka Pineapple With Bashed Up Mint Sugar,0,0
Salmon Soba With Ginger Citrus Dressing,0,1
Candied Bacon Green Salad,0,0
"MICHELA’S BEEF, SWEET POTATO AND RICOTTA",0,1
Pickled Blackberries,0,0
VEGAN LENTIL ‘BOLOGNESE’,0,1
Hoisin Duck Noodles,0,0
EASY HARISSA ROAST CHICKEN FAJITAS,0,1
Chickpeas,1,0
CHARGRILLED PORK LEG WITH ASPARAGUS,0,0
Gluten Free Veggie Pasties,1,0
SOUVLAKI (WICKED KEBABS),0,0
SOUTHERN INDIAN RICE AND SEAFOOD SOUP,0,0
QUICK APPLE AND PECAN STRUDEL WITH CINNAMON,0,0
PORK TONKATSU & NOODLES,0,1
WONDERFUL WELSH CAKES,0,0
PATATAS BRAVAS,0,0
STRACOTTO,0,0
JOOLS’ SAUSAGE & SMOKY BEAN CASSEROLE,0,0
LITTLE SOLE GOUJONS WITH A QUICK LEMON AND CAPER SAUCE,0,1
Crostini Of Smoked Salmon Butter Amp Poached Leeks,0,0
EASY SALMON EN CROÛTE,0,0
BARBECUED SCALLOPS,0,1
Apple Crumble Cookies,0,0
Tuna Fettuccine,0,1
Southern Italian Style Chicken,0,0
Creamy Prawn Stuffed Salmon,0,0
QUICK FALAFEL,1,1
AMAZING RAVIOLI,0,0
Air Fryer Root Veg,0,0
POT ROAST PORK,0,0
Cherry Clafoutis,0,0
MICHELA’S TUNA WITH CANNELLINI BEANS (NO COOK),0,1
Sausage Red Wine Risotto,0,0
Pasta Al Forno Con Melanzane,0,1
BEER BUTT CHICKEN,0,0
50 50 Bolognese,0,0
Gluten Free Pumpkin Pie,0,0
ASPARAGUS QUICHE & SOUP,0,0
BLACK FOREST TRIFLE,0,0
Michela S Plum Apple,0,1
PEA & POPEYE PESTO PASTA,0,0
GOOD OLD CHICKEN TIKKA MASALA,1,0
GENNARO'S STUFFED PORCHETTA,0,0
Pimm S Strawberry Cobbler,0,0
MY VEGGIE MOUSSAKA,1,0
SUMMER VEG LASAGNE,0,1
BARBECUED SALMON,0,1
Beef And Vegetable Stir Fry,0,1
Sour Cherry Frangipane Tart,0,0
POTATO GNOCCHI,1,0
CAULIFLOWER CHEESE PASTA,1,0
Helen S Red Lentil Cauliflower Smash With Rice,0,1
PORK LOIN WITH A GREAT HERBY STUFFING,0,0
Meat Stuffing,0,1
FAVOURITE WINTER SALAD,0,0
Drunken Broad Bean Goat S Cheese Salad,0,0
CHEESE SCONES,0,0
Chocolate Pumpkin Loaf,0,0
ROAST CARROT & FENNEL SOUP,0,0
Spiced Veggie Rice With Poached Eggs,0,0
Basic Pizza,1,0
SAFFRON-POACHED PEARS,0,0
SIZZLING LAMB CHOPS SCOTTADITO,0,0
Chicken Black Bean Chowder,1,0
Tortilla Frittata,0,0
ROASTED MUSHROOM SALAD,0,0
Omelette,0,0
SPINACH PICI PASTA,0,1
MERRY MAC ’N’ CAULIFLOWER CHEESE,0,0
Old School Venison Pie With Juniper Rosemary And Bay,0,1
VENISON & JUNIPER STEW,1,1
COMFORTING MASH,1,0
Next Level Steak Onion Sandwich,0,1
SUPER SALMON PARCELS,0,0
TENDER ASPARAGUS,0,0
"FRIED RICE WITH KALE, SQUASH & CHESTNUTS",1,0
BASIL GNUDI,0,0
Quiche Leekraine,0,0
Crema Catalana,0,0
Cranberry Bakewell,0,0
ROAST CARROT & GOAT’S CHEESE SALAD,0,0
Sausage And Apple Bake,0,0
Mushroom Carbonara,0,1
Bean Curd With Lau S Spicy Ma Po Sauce,0,0
SMOKY CHORIZO SALMON,0,0
ETON MESS,1,0
CRISPY DUCK WITH FIRE-ROASTED PLUM SAUCE,0,0
KOREAN-STYLE ROAST CHICKEN,0,0
MEDITERRANEAN BRAISED LAMB AND COUSCOUS,0,0
RIDICULOUSLY GOOD OXTAIL STEW,0,0
Grilled Pork Chops,0,0
DOUBLE-CHOC BROWNIES,0,0
"LEMON, LIME AND PEPPERMINT SORBET",0,0
CHEESY CHICKEN MUFFINS,0,1
SUPER STEAMED GREENS,1,0
BEAUTIFUL COURGETTES,0,0
Sizzling Seared Scallops,0,1
Duck Orange Salad,0,1
SMOKED HADDOCK PAKORAS,1,0
Stuffed Braided Bread,0,0
CHOCOLATE BISCOTTI,0,0
Classic Mince Pies,0,0
JOOLS’ BREAKFAST ON THE GO,1,0
Barbecued British Ribs,0,0
APPLE PEPPER POT CAKE,0,0
NON-NUCLEAR FIRE NOODLES,0,1
Poached Chicken,0,0
ROASTED CHICKEN BREAST WITH LEMONY BOMBAY POTATOES,1,1
Keralan Tomato Salad With Curry Leaves,0,0
SUPER SCOTCH WOODCOCK,0,0
1 Steak 2 Sauces,0,0
CULLEN SKINK FISHCAKES,1,1
WATERCRESS SAUCE,0,0
Chicken Chow Mein With Bok Choi Water Chestnuts,0,1
YOGHURT PANNA COTTA,1,0
"DIY PARTY COMBOS - FIG, MOZZARELLA AND PARMA HAM",0,0
"SUMMER FOUR-GRAIN SALAD WITH GARLIC, LEMON AND HERBS",1,0
GRILLED MOROCCAN CHICKEN WITH LEMONY COUSCOUS & CARROT SALAD,1,1
ROASTED SCALLOPS WITH PANCETTA & HAZELNUTS,0,0
BAKED PEARS WITH WINE AND A SCRUMPTIOUS WALNUT CREAM,0,0
PASTA AND GREEN OLIVES,0,0
SIMPLE BAKED LASAGNE,0,0
Black Rice Pudding,1,0
Super Smoothies,0,0
CHOCOLATE TWISTER BREAD,1,0
SUPER GREEN SMOOTHIE,0,0
Goodness Breakfast With Maple Pears,1,0
MY SINGAPORE-STYLE FRIED RICE,0,0
Love Dumplings,1,0
Scrambled Eggs,0,0
CHOCOLATE BROWNIE,0,0
GOOD OLD CHILLI CON CARNE,0,0
Bbq Beef Short Ribs,0,0
Asparagus Stir Fry,0,0
Spanish Style Prawns With Fennel,0,0
BEEF HASH CAKES WITH CHIPOTLE YOGHURT,0,0
STICKY AUBERGINE AND PEANUT SALAD,0,1
ST CLEMENT’S GRANITA & SHORTBREAD,0,0
RHUBARB RUMBA,0,0
Daal,1,0
Buddy S Crispy Chicken,1,1
PANETTONE FRENCH TOAST,0,0
QUICK GREEN PASTA,1,0
COURGETTE TAGLIATELLE,0,0
BALEADAS,0,0
Best Morning After Breakfast,1,0
CHEAT'S CRANBERRY SAUCE,0,0
FENNEL RISOTTO WITH RICOTTA AND DRIED CHILLI (RISOTTO AI FINOCCHI CON RICOTTA E PEPERONCINO),0,1
Scotch Quail Eggs,0,0
COURGETTE & TOMATO RICE SFORMATO,0,0
CHEESY PEAS,1,0
Green Veggie Fritters,1,0
MY KINDA MUSHROOM RAMEN,1,0
Potato And Chorizo Omelette With A Kinda Parsley Salad,0,0
Pumpkin Rice,0,0
Chicken In Baked Bread Sauce,0,0
Roast Duck With Marsala Gravy,0,0
PAPPA AL POMODORO SOUP,0,0
PEAR & BLACKBERRY CRUMBLE,0,0
Garden Glut Soup,1,0
BRILLIANT BANANA STICKY TOFFEE PUD,0,0
SHORTCRUST SWEET PASTRY,0,0
Crispy Duck Forks,0,0
EPIC CHOCOLATE AND BEETROOT CAKE,0,0
FRUIT SMOOTHIE,0,0
Incredible Mulled Cider,0,0
VEGAN TOFFEE APPLE UPSIDE-DOWN CAKE,0,0
Spiced Parsnip Soup,1,1
Spiced Aubergine Dip,0,0
"ROAST SQUASH, SAGE, CHESTNUT AND PANCETTA RISOTTO",0,0
Mulled Wine Pear Pavlova,0,0
Roasted Trout And Artichokes With Almonds Breadcrumbs And Mint,0,0
MY VEGGIE PASTIES,0,0
Epic Mixed Roast,0,0
FRUITY SLUSHY,0,0
MEDITERRANEAN RICE,0,0
Pork Agnolotti,0,1
Daisy S Macaroni Cheese,0,0
FRIED FLAT RICE NOODLES,0,1
BEAUTIFUL STUFFED PORCHETTA,0,0
Buddys Bolognese,1,0
"SMOKED SALMON, PRAWNS & MIAMI COCKTAIL SAUCE",0,0
ULTIMATE ROAST POTATOES,1,0
AMAZING YORKIES,0,0
NO-OVEN PIZZA,0,0
MELT-IN-YOUR-MOUTH SHIN STEW,0,0
Ultimate Mushroom Risotto,0,0
Vanilla Yoghurt Panna Cotta,1,0
Stephen Fry S Apple Pie,0,0
"KIWI FRUIT, GINGER AND BANANA SMOOTHIE",1,0
WELSH CAWL,0,0
CHICKEN & VEG STIR-FRY,1,0
CHILLI CON CARNE MEATBALLS,0,1
Sloppy Joe,1,0
TIKKA-SPICED FRIED EGGS,1,0
CLASSIC CAIPIRINHA,0,1
AVOCADO ON RYE TOAST WITH CHOCOLATE,0,0
WARM SALMON & JERSEY ROYAL SALAD,0,1
Baked Camembert,0,0
HOME SWEET HOME - GINGERBREAD HOUSE,0,0
Frango Churrasco,0,0
WHOLE ROAST CHICKEN,0,0
Quickest White Fish Tagine,0,0
CARROT & FETA COUSCOUS SALAD,0,0
FRAGRANT GREEN CHICKEN CURRY,0,0
Potato Tortilla,0,0
BAKED SOLE GOUJONS,0,0
Buddy S Super Quick Flatbreads,1,0
Mediterranean Grain Bowl With Lemon Dill Houmous,0,0
Broccoli Anchovy Orecchiette,1,0
Air Fryer Bbq Chicken Thighs,0,0
HARISSA SARDINES WITH COUSCOUS SALAD,0,0
BANANA BREAD,0,0
Runner Bean Stew Roasted Monkfish,0,1
Hasselback Sweet Potatoes,0,0
SICILIAN CAULIFLOWER & CHICKPEA STEW WITH FLUFFY COUSCOUS,0,0
Honeycomb,0,0
Diy Basil Pesto Tagliatelle With Tomatoes Beans Greens,0,1
MY ROASTED DUCK 'SORTA SHEPHERD'S PIE',0,0
Avocado Pancetta Pine Nut Salad,0,0
INCREDIBLE HOMEMADE STRAWBERRY JAM,0,0
"DELICATE EGG RIBBONS WITH BRESAOLA, CRISPY FENNEL & SPRING LEAVES",0,0
Veggie Korma,1,0
Super Green Spaghetti,0,1
CHOCOLATE SEMIFREDDO,0,0
A Killer Mac N Cheese,0,0
RIGATONI WITH ROASTED TOMATOES & RICOTTA SALATA,0,0
KING CHARLES' CORONATION CHICKEN,0,0
CRISPY LAYERED POTATOES,1,0
Mediterranean Chicken N Chips,0,0
PORK FRIED NOODLES,1,1
VEGGIE PAD THAI,0,0
Chianti Crudo,0,0
EASY CARBONARA,0,1
Michela S Beetroot Almond Ricotta No Cook,0,1
Baked Pasta With Tomatoes And Mozzarella Pasta Al Forno Con Pomodori E Mozzarella,0,0
GRILLED RADICCHIO WITH GORGONZOLA DRESSING,0,0
Cheats Fish And Chips,0,1
Roast Tikka Chicken,0,1
Dairy Free Vanilla Ice Cream,0,0
WICKED CHICKEN WITH COLESLAW,0,1
CHOCOLATE TIRAMISU,0,0
CHESTNUT CARBONARA,0,0
Potato Pepper And Broccoli Frittata,0,1
FESTIVE SALMON GRAVADLAX,0,0
Potato Amp Chorizo Breakfast Hash,0,0
VEGETARIAN SPAGHETTI BOLOGNESE,1,1
Crispy Korma Salmon,0,1
EPIC AVO & TROUT ON TOAST,0,0
Epic Grilled Veg,0,0
Scrambled Egg Muffins With Smoked Salmon And Soured Cream,0,1
BAKED EGGS – LOTS OF WAYS,0,0
MINESTRONE SOUP,1,0
SOY-BAKED SALMON WITH ZINGY SALSA,0,0
Glazed Carrots,0,0
Almond Flatbread,0,0
FRIDGE-RAID STIR-FRY,0,0
Air Fryer Broccoli Soup And Cheesy Soldiers,0,0
Yoghurt Chicken Curry,0,1
Amalfi Lemon Tart,0,0
APRICOT & SAUSAGE STUFFING,0,0
5 Ingredient Asparagus Carbonara,0,1
Chicken Kyiv,0,1
Barbecued French Toast,0,0
GREENHOUSE COUSCOUS SALAD,1,0
SPEEDY COD CURRY,0,1
Tagliatelle With Spinach Mascarpone And Parmesan,0,0
JEMMA’S VEGAN VANILLA FUDGE CUPCAKES,0,0
Prawn Tofu Pad Thai,0,0
SAUSAGE ROLLS,0,0
CRISPY CHICKEN,0,0
Salmon Asparagus En Cro Te,0,0
'FULL OF VEG' TOMATO SAUCE,1,0
BABY MOZZARELLA,0,0
LYCHEE MARTINI,0,0
Oysters Rockefeller,0,0
Beef Cheek Rag,0,0
CHOCOLATE FRIDGE CAKE,0,0
CHIMICHURRI CAULIFLOWER LOADED WITH PICO DE GALLO,0,1
Royal Pasta Dough,0,0
SALMON GRAVADLAX,0,0
Down Under Berry Pav,0,0
Spicy Corn Chickpea Burgers,1,0
SUGAR-FREE BANANA BREAD,0,0
Beautiful Courgette Penne Carbonara,0,1
MICHELA CHIAPPA’S ZUCCHINI SALAD,0,0
Giant Madras Spiced Meatballs,0,1
Silky Masala Eggs,0,0
Sir Patrick Stewart S Mole Enchiladas,0,0
SPICED PEACH CHUTNEY,0,0
Gorgeous Greek Salad,0,0
BAKED PAPRIKA CHEESE,0,0
Pork Chops With Prosciutto Apple And Stilton,0,0
CHICKEN NOODLE STIR-FRY,0,1
Dj Bbq S Scallops,0,0
DIPPING SALTS FOR BOILED QUAIL EGGS,0,1
Lamb Meatballs,0,0
HOT CROSS BUN AND BUTTER PUDDING,0,0
BANANA & OAT PANCAKES,0,0
Chicken Fajitas,0,1
Sexy Swedish Buns,0,0
Glazed Mulled Wine Ham,0,0
STEAMED THAI-STYLE SEA BASS AND RICE,0,0
Sesame Ramen With Caramelized Pork,0,1
"KALE, FRIED CHORIZO & CRUSTY CROUTONS WITH A POACHED EGG",0,0
RETRO ARCTIC ROLL,0,0
GENNARO'S BEAUTIFUL LEFTOVER BRUSCHETTA,0,0
RAINBOW TROUT WITH HORSERADISH YOGHURT & BALSAMIC BEETS,0,0
Ultimate Quesadillas,0,0
HASSELBACK ROOT VEG,0,0
Shellfish Cider Stew,1,0
Spaghetti Aglio Olio Spring Greens,0,0
Roasted Chicken With Lemony Bombay Potatoes,0,1
WILD MUSHROOM & VENISON STROGANOFF,0,0
LAMB MEATBALLS,0,0
PEA PESTO,0,0
SLOW-COOKED SHOULDER OF LAMB,0,0
Grilled Masala Fish,0,0
Pork Mash Gratin,0,1
"LEG OF LAMB STUFFED WITH OLIVES, BREAD, PINE NUTS AND HERBS (COSCIOTTO D'AGNELLO RIPIENO DI OLIVE, PANE, PINOLI E ERBE AROMATICHE)",0,1
VEGAN CAULIFLOWER CURRY,0,0
RICOTTA & PARMESAN RAVIOLI,0,0
MEGA CHOCOLATE FUDGE CAKE,0,0
White Chocolate Amp Cranberry Cookies,0,0
WEE SCOTCH EGGS,0,0
Mighty Mulligatawny Soup,1,1
"GREEN AND RED GRAPES, ROSEMARY, PINE NUTS AND RICOTTA PIZZA TOPPING",0,0
FROZEN FRUIT SMOOTHIES,0,0
MUSHROOM STROGANOFF,0,0
AWESOME SPINACH & RICOTTA CANNELLONI,0,0
SPICED HARICOT BEANS,1,0
Baked Ricotta Veg Pasta,0,1
WICKED CHAMPAGNE COCKTAIL,0,0
JAMIE’S TUSCAN-STYLE ROAST PORK LOIN & BEANS,0,0
LAMB KOFTA FLATBREADS,0,1
Vegetable Kebabs,1,0
Jools Easy Oaty Fruit Cookies,0,0
Hit N Run Traybaked Chicken,0,0
Fish Finger Tacos,0,1
Umbrian Pasta,0,0
Stewed Fruit,0,0
Eggy Bread,1,0
Charming Eccles Cakes,0,0
JAMIE’S CLASSIC FAMILY LASAGNE,0,1
TOM WALKER'S CHICKEN & HOT SAUCE GRAVY,0,0
SEAFOOD RISOTTO,0,1
BEER & CARDAMOM APPLE FRITTERS,0,0
BLACK BEAN BURGERS,0,0
Crispy Leftover Lamb Flatbread,0,0
PORK MEATLOAF,0,0
Mixed Nut Honey Baklava,0,0
Frozen Berry Apple Crumble,1,0
FLOURLESS CHOCOLATE CAKE,0,0
PRAWN AND WATERMELON SALAD,0,0
JACKET SPUDS & HOMEMADE BEANS,0,1
Breakfast Pancakes,1,0
Fennel Roasted Salmon With Soft Boiled Eggs,0,0
Pork Cider Stuffing,0,0
SALMON IN A BAG,0,0
VEGAN BANANA BREAD,0,0
SWEDISH MEATBALLS,0,1
BREAKFAST DOUGHNUTS,1,0
HUNTER’S CHICKEN,0,1
Roast Chicken Margherita,0,0
ROYAL CHARLOTTE LEMON DRIZZLE CAKE,0,0
CROSTINI – GREENS,0,0
Sticky Sesame Prawns,1,1
Steak Stilton Pie,0,0
PROPER SCOTCH EGGS,0,0
AVOCADO ICE CREAM,0,0
Summer Ratatouille Salad,0,0
Chocolate Love Cake With Cherries And Booze,0,0
CHOCOLATE & AVOCADO MOUSSE,0,0
CHICKEN IN A CRUST,0,0
PORK & APPLE SAUCE,1,0
ROAST OF INCREDIBLE GAME BIRDS WITH PROPER POLENTA,0,0
Omelette Aux Fines Herbes,0,0
Squash Tagliatelle,0,0
Aji De Gallina,0,0
Sweetcorn Okonomiyaki,0,0
PUFF PASTRY,0,1
SUPER-EASY VEGGIE NOODLES,0,1
Salted Caramel Brownies,0,0
Chicken Milanese With Spaghetti,0,0
Andy S Special Cheese Toastie,0,1
Jamie S Chicken Skewers,0,0
Cardamom Clementine Morning Buns,0,0
SMOKED TROUT AND JERSEY ROYAL SALAD,0,0
One Pan Breakfast,0,0
EPIC POACHED CHICKEN & DUMPLINGS,0,1
Gluten Free Lemon Cake,0,0
Slow Roasted Balsamic Tomatoes With Baby Leeks And Basil,0,0
Jamon Wrapped Cod With Borlotti Bean Stew,0,0
GOOSEBERRY & ELDERFLOWER JAM,0,0
Boozy Pears Chocolate,0,0
ROSSINI,0,1
Prawn Stuffed Spicy Fish With Vermicelli,0,1
Baked Whole Trout,0,0
LEFTOVER SQUASH FRITTERS WITH TOMATO SALSA,0,0
Stuffed Leg Of Lamb,0,0
NO-CHURN STRAWBERRY RIPPLE ICE CREAM,0,0
Sicilian Tuna Pasta,1,1
VEGGIE CROWN,0,0
DRESSED BEANS,0,0
SWEET PEA CHICKEN,0,0
Spicy Beef Cauli Rice,0,0
NEAPOLITAN PIZZA BASE,1,0
The Best Pasta Salad,0,0
DAIRY-FREE BANANA LOAF,0,0
EASY ETON MESS,0,0
Chicken Mushroom Bake,0,0
SPEEDY SPICED PRAWN SOUP,0,1
Biggest Yorkshire Pudding,0,0
Rocky Road,0,0
ELVIS BURGER WITH CHOPPED SALAD AND PICKLED GHERKIN,0,0
EPIC PORK BELLY TACOS,0,0
SWEET POTATO FISHCAKES,1,1
FLUFFY FLOURLESS PANCAKES,0,1
SUMMER TAGLIATELLE,0,0
CRISPY DUCK & STICKY PLUM SAUCE,0,0
SPICY PANGRATTATO RISOTTO,0,0
HOT & SOUR SOUP,1,0
GRILLED LAMB CHOPS WITH FATTOUSH,0,0
Herby Potato Pancakes,0,0
SPINACH & FETA PIE,0,0
Gluten Free Beef Lasagne,0,1
Fish Chips And Mushy Peas,0,0
Ultimate Roast Turkey,1,0
SUPER-EASY GNOCCHI,0,1
LAMB KOFTA,0,0
ANZAC BISCUITS,0,0
Super Quick Salmon Gravadlax,0,1
Simple Courgette Pasta,0,1
Hot Cross Bun Custard Pudding,0,0
FLAMING RUM 'N' RAISIN,0,0
MUSHROOM & TUNWORTH CHEESE PIES,0,0
THE BEST CHICKEN SALAD EVER,0,0
SLOE GIN GRAVLAX,0,0
AUBERGINE PARMIGIANA,0,1
ROSEMARY TOASTS,0,0
Grilled Fillet Steak With The Creamiest White Beans And Leeks,0,0
Jools Favourite Smoothies Ice Lollies,0,0
Chocolate Coins,0,0
HALLOUMI SKEWERS,0,0
Dad S Tomato Rice Soup,0,1
The Best Tuna Burger,1,1
POTATO & CAULIFLOWER CURRY,0,0
"TRAY-BAKED ARTICHOKES WITH ALMONDS, BREADCRUMBS AND HERBS",0,0
ROASTED PINEAPPLE & HOT RED PEPPER SAUCE,0,0
Christmas Sausage Roll Wreath,1,0
SWEET TOMATO GNOCCHI,1,0
YELLOW SPLIT PEA & AUBERGINE STEW,0,0
STINGING NETTLE RAVIOLI,0,1
Jamies Squash Penne Bake With Ricotta Golden Breadcrumbs,0,0
Chicken Mushroom Stroganoff With Quick Red Onion Pickle,0,0
Mandys Cheats Laksa,0,1
ROASTED CHILLI FRITTATA,0,0
CHRISTMAS COSMOPOLITAN,0,0
CHORIZO CARBONARA,0,0
GINGER SHAKIN' BEEF,0,0
Chocolate Whoopie Pies,0,0
My Nan S Christmas Pud With Vin Santo,0,0
Cumberland Roast Chicken,0,0
HONEY BERRY FILO SMASH,0,0
NO-CHURN ICE CREAM,0,0
FISH STEW,0,0
Superfood Salad,0,0
Spaghetti With Prawns And Rocket Spaghetti Con Gamberetti E Rucola,0,0
BABA GANOUSH,0,0
CREAMY CORNISH MUSSELS,0,0
Feta Cherry And White Chocolate Cookies,0,1
Highly Sophisticated Chocolate Chip Cookies,0,1
Middle Eastern Roasted Sprouts,0,0
APPLEBERRY PIE,0,0
HOME-CURED BEETROOT GRAVADLAX,0,1
JARRED PEPPER PASTA,0,0
QUICK AND EASY PIZZAS,0,0
PUNCHY PRAWNS,0,0
LIV TYLER'S VEGETABLE BALLS,0,0
SPANIKOPITA,0,1
Tasty Tomato Soup,0,0
STOLLEN,1,0
Sizzling Chicken Fajitas Grilled Peppers Salsa Rice Beans,0,1
Fish Noodle Broth,0,0
VEG-PACKED KIMCHI RICE,0,0
TROPICAL FRUIT PAVLOVA,0,0
Mozzarella Anchovies Chilli Capers And Parsley Pizza Topping,0,0
Jamie S Easy Turkey 2 Ways,0,0
SPOOKY SNAKE STRAWS,0,0
Chocolate Clementine Torte,0,0
BUDDY’S BARBECUE RIBS,0,0
ONE-POT PASTA AL LIMONE,0,1
"SWEET LEEK, RICOTTA AND TOMATO LASAGNE",0,1
Nonna Teresas Pasta,0,0
Hot Crispy Ice Cream Parcel,0,0
GARLIC PRAWN KEBABS,0,0
ROAST CHICKEN FOR TWO,0,0
Sourdough Pancakes,1,0
Traybaked Chicken,0,0
Lamb Balti,0,0
WINTER SQUASH PENNE,0,0
SALMON & SWEET POTATO TRAYBAKE,0,0
"GLUTEN-FREE APPLE, ALMOND & CARDAMOM CUPCAKES",0,0
ROASTED ASPARAGUS WITH ROSEMARY AND ANCHOVIES WRAPPED IN PANCETTA,1,0
SPICED TURMERIC & LEMON BBQ CHICKEN,0,0
Simple Roast Salmon With Summer Leaves And A Marie Rose Dressing,0,0
CREAMY RHUBARB & VODKA COCKTAIL,0,0
GREEN CHILLI,0,0
HELEN'S BUTTERNUT SQUASH & COCONUT STEW,0,1
MY MICROWAVE CHILLI CON CARNE,0,0
SLOW-COOKER BEEF CURRY,0,0
EASY FISH & CHIPS,0,0
SPROUT KRAUT,0,0
SWEET POTATO ROSTI,0,1
SIMNEL LOAF CAKE,0,0
AUBERGINE & COURGETTE LASAGNE,0,1
SIMPLE SUMMER SPAGHETTI,0,0
EASY CHICKEN CURRY,0,0
ROASTED PORK CHOPS WITH SAGE & CHAMP,0,0
Grilled Lamb Kofta Kebabs With Pistachios And Spicy Salad Wrap,0,0
VEGAN VICTORIA SPONGE,0,0
RIGANADA TART WITH ANCHOVIES,0,1
ROASTED AUBERGINE LAKSA,0,0
Potato And Rosemary Focaccia,0,0
PERFECT POACHED RHUBARB,0,0
SAUSAGE CAVATELLI,0,0
Family Friendly Curry Sauce,1,0
LEMON HONEY PORK RIBS,0,0
Easy Homemade Pickle,0,0
Plum Yeasty Bread,0,0
Sweet Leek Carbonara,0,1
RABBIT PIE,0,0
Slow Cooked Pork Belly,0,0
BLONDIE CAKE,0,0
Dutch Baby Pancakes With Roasted Plums,0,0
BLACK TAHINI NOODLES,0,0
SWEET CHICKEN SURPRISE,0,0
HELEN’S POACHED PEARS WITH GREEK YOGHURT,0,1
Best Ever Fruit Crumble,0,0
PIBIL-STYLE PORK RIBS,0,1
Summer Mocktail,0,0
Avocado Slow Roasted Tomatoes On Toast,0,0
Raspberry Muffins,1,0
Yiayia Margarita S Horiatiki Village Salad From Santorini,0,1
Fillet Of Beef,0,0
RASPBERRY BURNT CREAM,0,0
Clear Noodle Soup With Prawns,0,1
Refried Lentils With Eggs Salsa,0,0
Smoky Veggie Feijoada,1,0
MIGHTY MUSHROOM CURRY,0,0
Cod Potato And Spring Onion Stew,0,1
Gorgeous Gado Gado,0,0
Oozy Courgette Risotto,0,1
THE BEST CHORIZO SANDWICH,0,0
SQUASH & SAUSAGE RISOTTO,0,0
CHRISTMAS HODGEPODGE PIE,0,0
Spicy Sticky Chicken,0,0
MESSY MEATBALL BUNS,0,1
Ali S Rack Of Lamb,0,0
ALMOND CAKE WITH LEMON & POPPY SEEDS,0,0
GRIDDLED SALMON WITH HERBY QUINOA,0,0
VEGETABLE SPAG BOL,0,0
Mountain Meatballs,0,0
Spring Watercress Pasta,0,1
Easy Chicken Stock,0,0
BERRY & VANILLA FRO-YO LOLLIES,1,0
Easy Curried Fish Stew,0,1
CHICKEN KATSU CURRY,0,0
Hero Tomato Sauce,0,0
Special Chicken Stew,0,0
SUMMERTIME TAGLIARINI,0,0
Irish Stew,0,0
Giant Crumpets,1,0
POSH BEANS ON TOAST,0,0
KOREAN FRIED CHICKEN,0,0
Chicken Sausage Mushroom Stew,0,0
CROQUEMBOUCHE,0,0
Protein Pancakes,0,1
"WINTER GINGER, PEAR AND ALMOND CAKE",0,0
PAN-COOKED ASPARAGUS & SEAFOOD,0,0
Szechuan Sweet Sour Prawns,1,0
GAME BIRD SALAD WITH HORSERADISH DRESSING,0,0
PARSNIP BEETROOT GRATIN,0,0
Homemade Chilli Crackers,0,0
ROAST CHICKEN WITH LEMON & ROSEMARY ROAST POTATOES,0,1
JESSICA CHASTAIN'S TEMPURA ROLLS,0,0
Gluten Free One Cup Pancakes,0,0
SCRUMPTIOUS YULE LOG,0,0
Seafood Paella,0,0
CAMPFIRE BREAD,0,0
World S Most Elegant Winter Pasta,0,0
HAGGIS SCOTCH EGGS,0,0
Jewish Artichokes,0,0
HIGHLAND MUSSELS - JUICY WHISKY CREAMY,0,1
Costa Rican Black Bean Soup,0,1
BANOFFEE FRO-YO TART,0,0
Summer Smush Ins,0,0
Billy S Bolognese,1,0
MICHAEL SHEEN'S TRADITIONAL WELSH CAWL,0,0
Gnarly Dukkah Roast Lamb,0,0
EASY PEASY TOMATO TAGLIATELLE,0,0
BOLOGNESE RAVIOLI,0,0
My Favourite Speedy Sausage Pizza,0,0
Cheat S Paella,1,1
Easy Spelt Pizza,0,0
BRIAM,0,0
Homemade Tortillas,1,0
Broad Bean Meze,0,1
TURKEY & COCONUT MILK SOUP,0,0
STARRY MINCE PIES,0,0
KERRYANN'S CHEESY POTATO PIE,0,0
AVOCADO PASTRY QUICHE,0,0
PORK CHOPS WITH QUICK CHERRY CHUTNEY,0,0
BEST ROAST LEG OF LAMB,0,0
VEGGIE GRAVY,0,0
Ginger Honey Chicken Wings,0,0
SLOW-COOKER RED CABBAGE,0,0
PEACH ALASKA,1,0
CREAMY PEARL BARLEY RISOTTO,1,0
"SMOKED SALMON, HORSERADISH AND CRESS TOASTS",0,1
PORK WITH APPLE & HERB STUFFING,0,0
AUBERGINE & MINT BRUSCHETTA,0,0
RED MULLET WITH JEWELLED WILD RICE,0,0
SIGNATURE CURRY LAKSA,0,1
Gary Barlow S Scrumptious Steak Stout Pie,0,0
Hot P T Toasts,1,0
SEAFOOD STEW WITH SAFFRON MAYO & PEPPER MARMALADE,0,0
THE BEST ROAST TURKEY - CHRISTMAS OR ANY TIME,0,0
Classic Toad In The Hole,0,0
PIPPA'S SPAGHETTI BOLOGNESE,0,0
EASY PUMPKIN SOUP & CRUNCHY CROUTONS,1,0
SPRING CHICKEN PIE,0,1
"TOAD-IN-THE-HOLE, ONION & APPLE GRAVY",0,0
Versatile Meat Rag,0,0
Lamingtons,0,0
SPICED SHEPHERD’S PIE,0,1
CHICKEN GOUJONS,0,1
SPICY VEGGIE NOODLES,1,0
STICKY KICKIN' WINGS,0,0
Grilled Asparagus Poached Egg On Toast,0,0
Quesadilla Toastie,0,1
POSH FISH & CHIPS,0,1
Watermelon Granita,0,0
ROSÉ PESTO PRAWN PASTA,1,1
SLOW-COOKER CHICKEN,0,1
JAMIE'S BAKED FIGS,0,0
EPIC EGG IN A HOLE,0,0
JAMIE'S FLASH STEAK,0,0
CRISPY TURNIP CAKE WITH CHILLI SAUCE,0,0
Chargrilled Squid With Rustic Guacamole,0,0
ROAST FORERIB OF BEEF WITH GARLIC & ROSEMARY,0,0
CORN TORTILLAS,0,1
Quinoa Kale Muffins,0,0
Helen S Apple Cinnamon Porridge,0,1
TRAYBAKED KERALA FISH CURRY,0,0
SALMA HAYEK'S LEBANESE KIBBEH,0,0
CHARGRILLED MONKFISH KEBABS,0,0
ROASTED CAULIFLOWER,0,0
TIN-RAID FISHCAKES,0,1
Cacao And Peanut Swirl Cake,0,1
ROGUE RATATOUILLE RISOTTO,0,0
MICHELA’S HAM & CHEESE PASTA,0,1
HOMEMADE FLATBREADS,1,0
CHICKEN SATAY-STYLE NOODLE SALAD,0,1
Pea Mint Amp Basil Arancini Cakes,0,0
"THE BEST PORK CHOPS WITH FRESH BAY SALT, CRACKLING AND SQUASHED PURPLE POTATOES",0,0
SPICED SUGAR & CHRISTMAS POPCORN,1,0
Baked Feta Tomatoes,0,0
JOOLS’ EASY CHICKEN CURRY,1,0
"OAT, PEAR & CARDAMOM SMOOTHIE",1,0
Lamb Cheese Pie,0,0
LEVI ROOTS-STYLEE JERK CHICKEN,0,0
GRILLED COURGETTES WITH CHICKPEAS & MARJORAM,0,0
AIR-FRYER BAKED POTATO SKINS,0,0
GINNY'S HOT CROSS BUN AIR-FRYER TOASTIE,0,0
DJ BBQ'S RAD RUM RIBS,0,0
Tutti Frutti Pear Tarte Tatin,0,0
Chocolate Hot Cross Buns,1,0
TOFU FRIED RICE,0,1
Giant Stuffed Squash,0,0
RAINBOW TOMATO CROSTINI,1,0
Grilled Strawberries With Pimm S,0,0
STICKY MANGO PRAWNS,0,0
PEAR & GINGERBREAD CAKE,0,0
Gennaro S Turkey Milanese,0,0
ALMOND PASTRY PUFF,0,0
CHICKEN SATAY,0,0
Gnarly Lamb Madras Traybake,0,0
Gennaro S Mini Pizzas With Hidden Veg Sauce,0,0
STEAMED CABBAGE WITH SUNFLOWER SEED DRESSING,0,1
CRISPY HALLOUMI FRITTERS,0,0
Squash Paneer Bhaji Flatbreads,0,0
PEANUT BUTTER & BANANA YOGHURT BARK,0,0
SPICED CRISPY BEEF SALAD WITH NOODLES & CRUNCHY VEG,0,0
Honey Focaccia,1,0
GRILLED STRAWBERRIES WITH PIMM’S & VANILLA ICE CREAM,0,0
RUDOLPH’S ROCKET FUEL,0,0
GREG DAVIES' THAI GREEN CHICKEN CURRY,0,0
STUFFED SEA BASS,0,0
INDIAN CARROT SALAD,0,0
CHEESE PUFFS,0,0
FEEL GOOD CHICKEN BROTH,0,0
Kung Pao Chicken,0,0
BANOFFEE MESS CUPS,0,0
EASY HOMEMADE BREAD,0,0
BEAUTIFUL BREAD SAUCE,0,0
PEAR & WALNUT UPSIDE-DOWN CAKE,0,1
SPICY LAMB CUTLETS WITH CRISPY CORIANDER POTATOES,0,0
ONE-CUP BRUNCH PANCAKES,0,1
CHICKEN GARDEN SOUP,0,0
Padr N Rajas Con Crema,0,1
CHICKEN ‘PAELLA’,0,0
"FLASH ROAST BEEF WITH GARLIC, ROSEMARY AND GIROLLES (SCHIACCIATA DI MANZO CON AGLIO, ROSMARINO E FUNGHI)",0,0
Scottish Scallops And Black Pudding With Winter Salad,0,1
Brilliant Veggie Burger,0,0
Citrus Poached Pears,0,0
HOT RUMMY LEMONADE,0,0
WYRE FOREST SCHOOL'S SWEET POTATO & PEPPER CHILLI,1,0
Mustard Brisket With Veg Beef Broth,0,0
Sarah Millican S Tuscan Sausage Tomato Pasta,0,0
ROQUEFORT SALAD WITH WARM CROUTONS AND LARDONS,0,0
PROFITEROLES,0,0
SPEEDY STEAMED PUDDING POTS,0,0
Burns Night Lamb Shanks,0,0
Salt Pepper Squid,0,0
King Of Puddings,0,0
Classic Apple Crumble,0,0
Beautiful Smoky Barbecued Shellfish,0,0
PINEAPPLE MINT SHERBET,0,0
Courgette Spaghetti With Rocket Pesto,0,0
"DUCK, PEA AND CABBAGE HASH",0,1
Vegan Falafel Fritters,0,0
Cheesy Pasta Bake,0,0
TUNA TARTARE,0,0
HAZELNUT HONEY CAKE,0,0
The Best Tuna Meatballs Le Migliori Polpette Di Tonno,0,0
HOMEMADE SALT BEEF,0,0
CRANBERRY & CINNAMON SWIRL BUNS,0,0
Clementine Roasted Carrots,0,0
Helen S Pear Prune Compote With Yoghurt,0,1
SCRUMPTIOUS SPANISH CHICKPEA AND CHORIZO SOUP,0,0
CHERRY CHOCOLATE MOUSSE,0,0
TASTY WARM LENTIL SALAD,1,0
Brioche Mince Pies,0,0
Summer Salmon Salad,0,1
Rich Grits,0,0
Super Toasted Granola With Chewy Fruit,1,0
BANANA & CINNAMON PORRIDGE,0,0
Fresh Pineapple With Cr Me Fra Che And Mint,0,0
Barbecued Chicken,0,0
Mega Veggie Nachos,1,0
WINTER NIGHTS CHILLI,0,0
PICKLED-GINGER TUNA STEAK SALAD,0,0
Duck Egg Frittata With Peas Beans,0,0
Archies Royal Roulade,0,0
STEAMED SEA BASS IN THE BAG,0,0
Ricotta Fritters With Tomato Sauce Courgette Salad,0,0
"POTATOES, MOZZARELLA, ROSEMARY, THYME AND TOMATO PIZZA TOPPING",0,0
TRADITIONAL BAKED EGGS,0,0
Baked Garlicky Mushrooms,0,0
SUMMER PISTO FRITTATA,0,0
JOOLS’ SIMPLE BEEF STEW,1,0
GRILLED LOBSTER ROLLS,0,1
Rotolo Of Spinach Squash Ricotta,0,0
Avocado Hollandaise,0,0
Vegan Chocolate Brownies,0,0
"VENISON SHANKS, JUNIPER & REDCURRANTS",1,0
Michela S Smashed Avocado Basil Chicken No Cook,0,1
"ASPARAGUS, MINT & LEMON RISOTTO",1,0
Raw Chocolate Cake,0,0
GRIDDLE-PAN WAFFLES,0,0
The Best Marinated Fish Kebabs,0,0
Farmhouse Roast Chicken,0,0
CARAMELIZED PINEAPPLE TARTLETS,0,0
BAKED POLENTA CHIPS WITH PESTO DIP,0,0
EASY COTTAGE PIE,0,0
BERRY MERINGUE RIPPLE,1,0
Crispy Squid Smashed Avo,0,0
HAM RIBOLLITA,0,0
HAZELNUT TORTE,0,0
THAI-CHINESE-INSPIRED PINCH SALAD,0,0
Carbonara Cake,0,1
Homemade Cinnamon And Lemon Crumpets With Raspberries And Honey,1,0
Simplest Fruit Salad,1,0
SQUASH MASH & SAUSAGE CATHERINE WHEELS,0,0
HODGEPODGE SOUP,1,0
Green Eggs Ham,0,0
Island Salad,0,1
Lavender Cr Me Br L E,0,0
THREE CHEESE RISOTTO,0,0
My Veggie Black Bean Enchiladas,0,0
GIANT VEG RÖSTI,0,0
Buddys Easy Meatballs,1,0
GRANDAD'S MUSSEL LINGUINE (LINGUINE CON COZZE DI NONNO),0,0
Lemon Tzatziki Chicken,0,0
FEARNE COTTON'S MEXICAN FISH TACOS,0,0
Spinach Goats Cheese Risotto,0,0
ENGLISH HOT-POT OF AMAZING SUMMER GREENS & FLAKED GAMMON,0,0
Buddys Perfect Scrambled Eggs,0,0
Greek Chicken Pasta,0,1
Involtini Di Manzo,0,0
So Good Pork Burger,0,0
6-HOUR SLOW-ROASTED PORK SHOULDER,0,0
PAN-FRIED RED MULLET WITH CRISPY BREADCRUMBS & A HERBY TOMATO SALAD,0,1
SMOKED SALMON ROLLS,0,0
Michela S Avocado Fig Spinach No Cook,0,1
APPLE CRUMBLE,0,0
EASY TOMATO SAUCE,1,0
Shakshuka,0,0
INCREDIBLE BAKED LAMB SHANKS,0,0
CRAB & ASPARAGUS RISOTTO,0,1
Stilton Amp Sprouting Broccoli Frittata,0,0
COLESLAW KIMCHI,1,0
MIDNIGHT KIMCHI FRIED RICE FOR KIKI,0,1
INDIVIDUAL HAZELNUT AND CHOCOLATE CLAFOUTIS,0,0
Classic Gumbo,0,1
SMOKY CHICKEN FAJITAS,0,1
CRAZY SIMPLE FISH PIE,0,0
Rolled Pork Belly,0,0
SAMOSA CIGARS,1,0
"SKATE BAKED IN THE BAG WITH ARTICHOKES, PURPLE POTATOES, CAPERS AND CRÈME FRAÎCHE",0,1
Food Allergy Mums Chicken Drumsticks,0,0
Magic Baked Chicken Fried Rice,0,1
Baked Saffron Rice,0,0
Creamy Polenta With Garlic And Basil Butter,0,0
Bolognese Polenta And Apple Cake Bustrengo,1,0
STEAK & GUACAMOLE WRAP,0,0
Beef Cheeks In Red Wine With Creamed Parsnips,0,0
Simple Soda Bread,1,0
BARBECUED TROUT IN NEWSPAPER,0,0
HOMEMADE BAGELS,0,0
Grilled Chicken With Charred Pineapple Salad,1,0
JERK SPICED CHICKEN IN A BUN,0,0
Gluten Free Yorkshire Pudding,0,0
Quick Grilled Pizza,0,0
Focaccia,1,0
The Ultimate Fruit Salad,0,0
Slow Roasted Spiced Pork Loin With Black Eyed Beans And Tomatoes,0,0
SCRUMPTIOUS GARLIC BREAD,1,0
FROZEN SOUR CHERRY & BERRY PIE,0,0
Fantastic Fish Tikka Curry,1,0
SALTED CARAMEL FUDGE,0,0
VEGGIE STUFFING,0,0
Smoked Mackerel Red Quinoa Patties,0,0
Jools Gorgeous Granola,0,0
Crusted Lamb Rack With Rhubarb,0,0
Meatballs And Pasta,0,0
CHARCOAL SARDINES,0,1
Party Time Mexican Tacos,0,1
Nan S Peach Clafoutis,0,0
JAMIE'S BEAUTIFUL LEFTOVER BRUSCHETTA,0,0
HAR KAU BUNNIES,0,0
Chocolate Cheesecake,0,0
Pan Cooked Giant Prawns,1,0
STUFFED APPLES & CUSTARD,0,0
SWEET & SOUR CHICKEN NOODLES,0,0
MANDOLIN SALAD,0,0
POTATO CROQUETTES,0,1
SUMMER FRUIT WITH AMARETTI BISCUITS AND HOT CHOCOLATE SAUCE,0,0
SMASHED LEMONGRASS CHICKEN,1,0
PEACH & ALMOND ALASKA,0,0
THAI GREEN CHICKEN CURRY,0,0
Boxing Day Quesadillas,0,1
OOZY CHEESY PASTA WITH CRISPY PANGRITATA,0,1
HARISSA MEATBALL WRAPS,0,1
DAIRY-FREE COCONUT CHEESECAKE,0,0
ULTIMATE BRITISH BURGER,0,0
Achiote Recado Pork,0,0
SMOKY VEG PATTIES,0,1
Peaches Amp Cream Pie,0,0
BERTIE’S MINERVOIS LAPIN,0,1
ROASTED BLACK BEAN BURGERS,0,1
"QUINOA, FETA & BROAD BEAN SALAD",0,1
ROASTED ROOTS & HALLOUMI TRAYBAKE WITH COURGETTE TANGLES,0,0
PEAR CRUNCH SALAD,1,0
HELEN’S AFRICAN SWEET POTATO STEW,0,1
Lemon Roast Potatoes,0,0
ROASTED STONE FRUIT,1,0
MINESTRONE SOUP,1,0
TURMERIC-SPICED PORK LOIN & RIBS,0,0
GENNARO’S EASY PARMESAN GNOCCHI,0,1
PEACHY PORK CHOPS,0,0
Simple Lemony Spring Greens,1,0
INCREDIBLE ROASTED SHOULDER OF LAMB WITH SMASHED VEG & GREENS,0,0
LOVELY TOMATO & ROSE PETAL HARISSA,0,0
CRAB CAKES,0,0
CRAIG DAVID'S GRENADIAN BAKED CHICKEN,0,0
"CHORIZO, PEPPER & PRAWN BAKE",1,0
JOOLS' FISH PIE,0,1
BLACK OLIVE PASTA,0,0
FISH PIE,0,1
RESCUE ME KEDGEREE,0,1
RABBIT RAGÙ,0,0
Rae S Ribollita,1,1
SIMPLE GREEN SALAD WITH LEMON DRESSING,0,0
LEFTOVER TURKEY CURRY,0,1
BAYD A TOUM,0,1
STIR-FRIED WARM SALAD OF PRAWNS AND BABY COURGETTES,0,0
"ANTIPASTI OF MOZZARELLA, CHILLI, & LEMON CROSTINI",1,0
"CRISPY CHICKEN WINGS, 3 WAYS",0,0
THE ULTIMATE STEAK & ROASTIES,0,0
WIMBLEDON SUMMER PUDDING,1,0
GLUTEN-FREE QUICHE,0,0
Sizzling Crepes With Prawns,0,1
Roast Chicken With Couscous,0,1
CHILLED PEA & CHERVIL SOUP WITH CRÈME FRAÎCHE,1,0
ROASTED SWEET POTATO BURRITO,1,0
BLANCHED ASPARAGUS – POACHED EGG – FRESH SMOKED SALMON,0,0
SUMMER PUDDING,0,0
"WATERMELON, RADISH & FETA SALAD",0,0
HEALTHY CHEESE & CORN PANCAKES,1,1
VEGGIE SPICED RICE,0,0
The Best Kentucky Style Fried Chicken,0,0
Red Velvet Cake,0,0
FIGS IN HONEY,0,0
GORGEOUS GREEK CHICKEN,0,0
Coriander Mint Chutney,0,0
LAMB LAGOTO,0,0
"VEGAN MUSHROOM, CHESTNUT & CRANBERRY TART",0,0
CUTTLEFISH CURRY WITH CHICKPEAS & SPINACH,0,0
Rainbow Jam Tarts,0,0
PIZZA FRITTA,0,0
MARTIN CLUNES' MALLORCAN PAELLA,0,1
Mash Topped Beef Guinness Pie,0,1
GRILLED SCOTTISH LANGOUSTINES,0,0
MUSHROOM SOUP,0,0
GRILLED CHICKEN,0,1
BLACKBERRY FOOL,0,0
"STRAWBERRIES WITH YOGHURT, PROSECCO AND SHORTBREAD",0,0
BUDDY'S BBQ BURGERS,1,0
Bubble And Squeak With Sausages And Onion Gravy,0,0
CHICKEN KATSU,0,0
BRUSCHETTA WITH TOMATO & BASIL,0,0
Parsnip And Pancetta Tagliatelle With Parmesan And Butter,0,1
Super Salad Platter,0,0
Mega Stuffed Sweet Potatoes,0,1
Italian Spring Bean Salad,0,0
Freezer Raid Pasta Soup,0,1
RETRO TRIFLE,0,0
CHOCOLATE-CHIP SODA BREAD,0,0
HUMMINGBIRD CAKE,0,0
Beef Guinness Stew,1,0
MY NAN'S ST. CLEMENT'S CAKE,0,0
MARY BERRY'S POTTED BROWN SHRIMP,0,0
FABULOUS TINNED FRUIT GRANITAS,0,0
Mexican Style Steak,0,0
"HAGGIS, NEEPS & TATTIES",0,0
WARM WINTER SALAD OF RADICCHIO WITH WILD ROCKET AND FETA,0,0
"TOMATO, RED WINE & CHORIZO RISOTTO",0,1
Griddled Vegetables Feta With Tabbouleh,0,0
TERRIFIC TORNADO POTATOES,0,0
Squash Stilton Walnut Rolls,0,0
SALMON NICOISE,0,0
Speedy Prawn Chorizo Quinoa,0,1
SPRINGTIME ROAST CHICKEN CAESAR SALAD,0,0
ORANGE POLENTA CAKE,0,0
Cauliflower Caponata,0,1
CHOCOLATE & BANOFFEE WHOOPIE PIES,0,0
KALE & SAUSAGE STEW,0,0
SUPER-SIMPLE SPROUTS & GREENS,1,0
MINESTRONE SOUP,1,0
Goldie Hawn S Fettuccine Alfredo,0,0
THE ULTIMATE CHICKEN IN MILK,0,0
Pasta Con Le Sarde,0,0
ROSEMARY & APRICOT FRIANDS,0,0
RAW SPRING SALAD,1,0
ROAST TOPSIDE OF BEEF,1,0
Beef Amp Quince Stew,0,0
APPLE & PECAN PORRIDGE,1,0
SUPER FOOD SUPPER,0,0
SMOKED SALMON BLINIS,0,0
SPICY SAAG ALOO,0,0
BALINESE CHICKEN CURRY,0,0
SHIITAKE BACON,0,1
ANYTHING GOES CHRISTMAS STRUDEL,0,0
"ROASTED CHICKEN BREAST WITH PANCETTA, LEEKS AND THYME",0,0
BARBECUE RIBS,0,0
"ROLLED BREAD OF PARMA HAM, NICE CHEESE, EGG AND BASIL",0,1
EASY CHRISTMAS ROAST DUCK WITH CRISPY POTATOES AND PORT GRAVY,0,0
Sweet Potato Quesadilla,0,0
A BETTER BOLOGNESE,1,0
Mega Dough Balls With Garlic Butter,0,0
Mexican Filled Omelette,0,0
"SEA BASS, FENNEL & GRAPEFRUIT CEVICHE",1,0
POMEGRANATE & CLEMENTINE SORBET,0,0
Raspberry Ginger Fizz,0,0
Roasted Cauliflower And Coconut Soup,0,0
THE BEST MARINATED CHICKEN KEBABS,1,0
PINEAPPLE & COCONUT CAKE,0,0
RADISH WATER KIMCHI,0,0
CLASSIC CRUMPETS,0,0
STUFFED FOCACCIA,1,0
Rob Beckett S Crispy Duck With Pancakes,0,1
ROASTED VEG WITH CAMEMBERT FONDUE,1,0
CHILLI CON JAMIE,0,0
LEMONY GREEN BEANS,0,0
CRISPY BARBECUED SIDE OF SALMON WITH CUCUMBER YOGHURT,0,0
KERRYANN’S TUNA PASTA BAKE,0,1
GRANDAD KEN'S CRISPY GRILLED TROUT WITH PARSLEY AND LEMON,0,0
Mackerel Beetroot Salad,0,0
Lamb Tagine,0,0
Brick Lane Burger,1,1
HORIATIKI SALAD,0,0
CHICKEN POT PIE,0,0
Cannellini All Uccelletto,0,1
ROTI JALA (LACE CRÊPES),0,0
"STEAK, GUINNESS & CHEESE PIE",0,0
Perfect Roast Beef,0,0
TASTY VEG OMELETTE,0,1
SALMON WITH YOUNG GARLIC & TOMATO SAUCE,0,0
THE BEST TURKEY IN THE WORLD,0,0
Raw Vegan Spag Bol,1,0
SPINACH & DILL SOUP,0,0
Quick Grains Kedgeree With Fried Eggs,0,0
THE QUICKEST BERRY TART,0,0
MARY BERRY'S RETRO CRAB COCKTAIL,0,0
GALLO PINTO,0,1
STIR-FRIED CRISPY BEEF,0,1
CHEESE & GARLIC TEAR ’N’ SHARE BREAD,0,1
BLUE CHEESE & APPLE BURGER,0,0
WHOLE BURNT AUBERGINE,0,1
RHUBARB UPSIDE-DOWN CAKE,0,0
ITALIAN-STYLE BAKEWELL TART,0,0
SPICED LAMB LOLLIPOPS WITH KORMA SAUCE AND TOASTED ALMONDS,0,0
WILD GARLIC BUTTER,0,0
THE BEST BBQ CHICKEN,0,0
QUAIL & SAUSAGE SKEWERS WITH CELERIAC,0,0
Veggie Bolognese Sauce,1,0
AIR-FRYER LOADED CHEESE & PANCETTA POTATO SKINS,0,1
SEAFOOD CURRY,0,0
Pistachio Apricot Dark Chocolate Energy Bars,1,0
ROAST SALMON SALAD,0,0
BERRY GOOD PANCAKES,0,0
APPLE & LANCASHIRE CHEESE PIE,0,0
HARISSA CAULIFLOWER TRAYBAKE,0,0
CHRISTMAS PASTA,0,1
DELICIOUS ROASTED WHITE FISH WRAPPED IN SMOKED BACON WITH LEMON MAYONNAISE AND ASPARAGUS,0,0
SUMMERY PEA SOUP WITH TURMERIC SCALLOPS,0,0
Good Old Bread And Butter Pudding With A Marmalade Glaze And Cinnamon And Orange Butter,0,0
Fiorentina Steak,0,0
Chai Spiced Carrot Cake,0,0
GLUTEN-FREE MINCE PIES,0,0
LOUIS' ROYAL RHUBARB & CUSTARD CAKE,0,0
PAPRIKA-SPIKED CHICKEN THIGHS,0,0
Cherry Flans,0,0
"ALMOND, BANANA & PASSION FRUIT SMOOTHIE",0,0
GOLDEN CHICKEN,0,0
GLASGOW POTATO SCONES WITH BEST SCRAMBLED EGG AND SMOKED SALMON,0,0
Black Bread,0,0
REALLY GOOD ROAST VEG,0,0
"MIXED LEAF SALAD WITH MOZZARELLA, MINT, PEACH & PROSCIUTTO",0,0
Veggie Noodle Stir Fry,0,0
MECHOUI LAMB WITH CARROT AND ORANGE SALAD,0,0
ROAST LEG OF LAMB,0,0
ROASTED SALMON & ARTICHOKES,0,0
SPECIAL SCRAMBLED EGGS,0,1
Wood Fired Shellfish,1,0
Air Fryer Crispy Herb Stuffed Salmon,0,1
TURKEY AND SWEET LEEK PIE,0,1
NEW BLOSSOM,0,1
PORK & POTATO KOFTE,0,1
GLUTEN-FREE BISCOTTI,0,0
ELDERFLOWER LEMONADE WITH FROZEN BERRIES,0,1
Kerryann S Dippy Eggs Asparagus Soldiers,0,0
Chilled Avocado Soup With Tortilla Chips,0,0
SAOIRSE RONAN’S GENERAL TSO’S CHICKEN,0,0
LOVE HEART CAMEMBERT,0,0
CHILLI CHICKEN WITH DRUNKEN PINTO BEANS,0,0
POT-ROAST CHICKEN,0,0
PUNCHY WELSH RAREBIT,0,0
PLOUGHMAN'S HOT CROSS BUNS,0,1
SUSHI ROLLS,0,0
BLACK FOREST FROZEN CHEESECAKE,0,0
FOUR-GRAIN COCONUT PORRIDGE WITH AUTUMNAL FRUIT,1,0
Mushroom Stuffed Roast Chicken,0,0
SIMPLE BAKED SALMON WITH DILL YOGHURT,0,0
CHOCOLATE & CHESTNUT YULE LOG,0,0
"NEW POTATO, CHICKEN & RED ONION SKEWERS",0,0
Super Tasty Miso Broth,1,0
Hunter S Chicken Stew Pollo Alla Cacciatora,0,0
LEFTOVER LAMB BIRYANI,0,0
Incredible Leftover Lasagne,0,1
Chicken Sausage Prawn Jambalaya,0,0
GINGERBREAD PEOPLE,0,0
Roast Venison,0,0
APPLE & DATE PIE,0,0
Lovely Lemon Curdy Pud,0,0
BEETROOT BUCATINI,0,1
SEA BASS IN PUFF PASTRY,0,0
MOREISH AUBERGINE SALAD,0,0
Gennaro S Pork Onion Stuffing,0,0
POL ROTI,0,1
AMAZING TOMATO CURRY,0,0
Meatball Kebabs,1,0
QUEEN VICTORIA SPONGE,0,0
SORTA SALMON NIÇOISE,0,0
Jammy Coconut Sponge,0,0
GINNY'S HOT CROSS BUN & RHUBARB FRENCH TOAST,0,0
ONE-PAN KEDGEREE,0,1
TREACLE COCKTAIL,0,0
SPICED LAMB STEW WITH WALNUTS AND POMEGRANATE,0,0
CHARGRILLED TUNA WITH OREGANO OIL AND BEAUTIFULLY DRESSED PEAS AND BROAD BEANS,0,0
Wilted Spinach With Yoghurt Raisins,0,0
SOY-BAKED TROUT,0,0
KINDA VEGGIE BIRYANI,0,0
Roasted Mustard Mackerel,1,1
TARON'S MUM'S CHRISTMAS TRIFLE,0,0
BAKED CHOCOLATE TART,0,0
AUTUMN CRUMBLE COCKTAIL,0,0
CHICKEN AND MUSHROOM PASTA BAKE (SPAGHETTI TETRAZZINI),0,1
SPICED CHOCOLATE & DRIED FIG CHRISTMAS CAKE,0,0
"SUMMER FRUIT PLATE WITH LIME, MINT AND VANILLA SYRUP",0,0
ANDY THE GASMAN'S STEW,0,1
MOQUECA BAIANA,0,1
BEEF WELLINGTON FOR 2,0,0
WHOLE ROASTED RICOTTA PASTA,0,1
PEARL BARLEY AND CAVOLO NERO SOUP,0,1
BRAZILIAN FEIJOADA,0,0
SPICY BEEF BURGER,0,0
SMOKY LENTIL AND BROCCOLI STEM TACOS,0,1
GREENS PASTA,0,0
VEGAN WAFFLES,1,0
PEAR TART TATIN,0,0
VEGGIE JALFREZI,1,0
FANTASTIC TOMATO AND FENNEL SALAD WITH FLAKED BARBECUED FISH,0,0
MOROCCAN LAMB STEW,0,0
CHARRED AUBERGINE PARMIGIANA,0,0
One Pan Huevos Rancheros,0,0
Roast Turkey,0,0
Veal Parmigiana,0,1
BAKED CHOCOLATE PUDDING,0,0
CHICKEN SKEWERS,0,1
BRUSCHETTA,0,0
DUKKAH ROAST CHICKEN & SMASHED AUBERGINE,0,0
"TRAY-BAKED LAMB WITH AUBERGINES, TOMATOES, OLIVES, GARLIC AND MINT OIL",0,0
GLUTEN-FREE BREAD,0,0
PASTA PEPERONATA,0,0
Bacon Wrapped Roast Partridge Pork Stuffing Lentils,0,0
CARAMELISED STRAWBERRY DIPPING KEBABS,0,0
POT-ROAST PORK WITH CHIANTI JUS,0,0
Coxinha With Spiced Avocado,0,0
MOZZARELLA & SQUASH SKEWERS,0,0
Kerryann S Homemade Fish Fingers Minty Smashed Peas,1,1
PERFECT PORK BELLY,0,0
Creamy Seafood Lasagne,0,0
SUPER SPINACH PANCAKES,0,0
CHICKEN IN MILK,0,0
EPIC RIB-EYE STEAK,0,0
VEGAN CHOCOLATE POTS,0,0
CHEESY BOLOGNESE BUNS,0,1
Tunisian Prawn Spaghetti,1,1
CHARGRILLED MARINATED VEGETABLES,0,0
CHICKEN RICE BALLS AND BROTH,1,0
CRAB TOSTADAS,0,1
SWEET POTATO & BLACK BEAN TACOS,0,0
PIZZA DOUGH,1,0
CHRISTMAS CAKE TRIFLE,0,0
Banoffee Alaska,0,0
Murg Makhani,0,1
DUMPLINGS,0,0
Cheat S Coconut Rice Pok Bowl,0,1
TORTELLINI IN BRODO,0,1
BEETROOT & RICOTTA PASTA,0,1
PEASTO PASTA,0,0
Orlando Bloom S Lamb Shank Tagine,0,0
Watercress Ginger Pork Balls Noodle Soup,0,0
VEGAN MAC ‘N’ CHEESE,0,1
PICKLED QUAIL EGGS,0,0
FOLDED PANCAKES,1,0
CLASSIC SPOTTED DICK,0,0
PANNACOTTA WITH ROASTED RHUBARB,0,0
Spicy Sichuan Pork Noodles,0,1
CREAMY MUSHROOMS,0,0
CHICKEN & LENTIL SALAD WITH CAPER DRESSING,0,0
Beautiful Baked Camembert,0,0
GLUTEN-FREE CHOCOLATE & BLUEBERRY MUFFINS,0,0
MEXICAN BAKED EGGS,0,0
CHRISTMAS SALAD,0,0
BACON RAREBIT BURGER,0,1
SUPER-QUICK BATCH PESTO,0,0
Roast Rack Of Lamb With Crushed Potatoes,0,0
ENGLISH ONION SOUP WITH SAGE & CHEDDAR,0,0
Perfect Chicken Balti,0,0
PENNE IN SALSA DI CIPOLLE (PENNE WITH ONION SAUCE),0,0
MINI QUICHES,0,0
FISH CAKES,1,0
SOUTHERN INDIAN CRAB CURRY,0,0
PIGS IN BLANKETS,0,0
FRAGRANT SPICY FISH SOUP,0,0
HALLOUMI EGGY CRUMPETS,0,1
JOOLS’S FAVOURITE BEEF STEW,0,1
POT-ROASTED SHOULDER OF LAMB WITH ROASTED BUTTERNUT SQUASH AND SWEET RED ONIONS,0,0
PAVLOVA ROYALE,0,0
MICHELA’S BLUEBERRIES & CHICKPEAS (NO COOK),0,1
CHEESY ONION SOUP,0,0
EASY SAUSAGE CARBONARA,0,0
ROAST TURKEY FOR 12,0,0
Yellow Bean Vodka And Smoked Haddock Risotto,0,1
BOILED EGGS & ASPARAGUS SOLDIERS,1,0
Helen S Goulash,0,1
SPICED LAMB FLATBREADS,0,0
BEEF SHORT RIBS,0,0
GRIDDLED TUNA KINDA NIÇOISE SALAD,0,1
KERALA ROAST CHICKEN & CURRY SAUCE,0,0
Masala Omelette,0,1
GIANT BAKED BEANS,0,0
STRAWBERRY SALAD WITH SPECK & HALLOUMI,0,0
Spinach Ricotta Cannelloni,0,0
SUPERB CHEAT’S KEBABS,0,0
ROASTED SALMON & VEG TRAYBAKE,0,0
CHOCOLATE HOT CROSS BUN LOAF,1,0
Air Fryer Sticky Aubergine Noodles,0,1
Perfect Roast Leg Of Lamb,0,0
Ham Peas,0,0
BARBECUED LANGOUSTINES WITH AIOLI,0,0
PEACH ICE CREAM,0,0
FRESH TOMATO BROTH,1,0
CROSTINI - BUFFALO MOZZARELLA AND CHILLI,0,0
ARTICHOKE RISOTTO (RISOTTO AI CARCIOFI),0,0
QUICK SEAFOOD PASTA,1,1
NEXT-LEVEL STUFFED CHICKEN SKEWERS,0,0
FANTASTIC FISH PIE,0,0
Paloma Faith S Bacalhau Br S,0,0
CRÊPES WITH BANANA & GREEK YOGHURT,0,1
Turkey Risotto,0,0
Caprese Soup,0,0
Sausage Carbonara Linguine Alla Carbonara Di Salsiccia,0,0
TURKEY SALAD & WARM CLEMENTINE DRESSING,0,0
TOMATO BASE SAUCE,0,0
AIR-FRYER SALMON WITH CRISPY POTATOES,0,1
YIAYIA NIKI'S BAKALIAROS PLAKI (COD BAKE) FROM KALAMATA,0,1
BEAUTIFUL SORREL RISOTTO,1,0
"ASPARAGUS, EGGS & FRENCH DRESSING",0,0
NAM JIM KING PRAWNS,0,0
"CHARD, POTATO AND CELERIAC GRATIN",0,1
THE WORLD-FAMOUS TARTE TATIN,0,0
GREEK-STYLE QUINOA SALAD BOMB,0,0
POMEGRANATE-GLAZED MACKEREL WITH SATSUMA & FENNEL SALAD,0,0
Grilled Peach Salad With Parma Ham Colwick Cheese,0,0
Sticky Onion Tart,0,0
ROASTED COD WITH PANCETTA & PEA MASH,1,0
One Pan Kedgeree Style Rice,1,0
SALMON & COUSCOUS,0,0
Mushroom Cauliflower Penne,0,0
ZESTY SARDINE & PURPLE KALE SPAGHETTI,0,0
CHICKEN BROTH WITH TORTELLINI,0,1
CHICKEN & VEG PIE,0,0
Smash Cheeseburger Quesadillas,0,0
GOLDEN PANEER,0,0
Chilli Sausage Rolls,0,0
APRICOT & ROOT VEG CAKE WITH HONEY YOGHURT ICING,0,0
HOT CHOCOLATE SURPRISE,0,0
LEFTOVER GET-AHEAD GRAVY SCRUFFY LASAGNE,0,1
HOT SMOKED SALMON WITH AN AMAZING CHILLI SALSA,0,0
BAKED EGGS IN POPPED BEANS,0,1
BAKED MEATBALLS & TOMATO SAUCE,0,0
EASIEST BROCCOLI QUICHE,0,1
ALEX'S GALETTE BRETONNE,0,1
STICKY HONEY & SOY SALMON,0,0
CHARGRILLED SQUID & CANNELLINI BEANS,0,0
"ROAST TROUT WITH SPINACH, SAGE AND PROSCIUTTO",0,0
Bircher Muesli,1,0
LEMON LINGUINE,0,1
Peanut Butter Cookies,1,0
CALDO VERDE,0,0
STICKY HOISIN RIBS,0,0
BAKED SWEET POTATOES,0,0
Smoky Tender Aubergine,0,0
Pork Afelia,0,0
CHARRED BRUSSELS,1,1
Hasselbacks,1,0
SOPHIE’S SARDINE PUTTANESCA LASAGNE,0,1
BRILLIANT BHAJI BURGER,0,0
GARLIC MUSHROOM PASTA,0,1
White Fish With Brazil Nut Milk ,1,0
JAMAICAN-STYLE JERK PORK,0,0
LINCOLNSHIRE POACHER PIE,0,0
HAMILTON SQUASH,0,0
BUDDY'S CHICKEN FAJITAS,1,1
SAVOY CABBAGE & PANCETTA FARFALLE,0,0
MAPLE-GLAZED PORK SPARE RIBS,0,0
BANANA PANETTONE PUDDING,0,0
VEGETARIAN NUT ROAST,0,0
CHRISTMAS PUDDING SCONES,0,0
"MICHELA’S POTATO, APPLE & CHICKEN",0,1
QUICK FISH CAKES,0,0
STEAK SANDWICH,0,0
ROASTED TOMATOES & LABNEH,0,1
TOFFEE APPLE BUNS,1,0
CARROT KIMCHI,0,0
MEGA MEATLOAF,0,1
KATE HUDSON'S HOT & SMOKY VINDALOO,0,0
Smoked Mackerel Pate With Griddled Toast And Cress Salad,0,0
SPICED COCONUT GRANOLA,0,0
PLUM CRUMBLE WITH ROLLED OATS,1,0
ASPARAGUS LINGUINE,0,0
Chicken Amp Herb Biscuits,0,0
Ham Hock Terrine,0,0
SOUTHERN SAUSAGE STEW,0,0
HELEN’S PINK RISOTTO,0,1
Orzo Pasta,1,0
ANGRY BEAN SALAD,1,0
Baechu Kimchi,0,0
Cooking The Turkey,0,0
PIGS IN BLANKETS,0,1
CLAUDIO'S AUBERGINE PARMIGIANA,0,0
CHEAT’S MANGO ICE CREAM,0,0
Tomato Carpaccio,0,0
PEACH & RASPBERRY CRUMBLE,0,0
SWEET CHERRY TOMATO AND SAUSAGE BAKE,0,0
Indian Spiced Potatoes With Chicken Thighs,0,1
Michela S Fishcakes,1,0
CATHERINE WHEEL SAUSAGE WITH WATERCRESS CHAMP,0,0
Zingy Fish Cakes,0,1
MICHELA’S BABY BOLOGNESE,0,1
MANGO PISCO ICE LOLLIES WITH QUINOA SUGAR,0,0
CROUSTADE (APPLE TART),0,0
FRANKIE’S SWEET POTATO & PEANUT STEW,0,1
WALNUT & BANANA LOAF,0,0
Pomegranate Shots,0,0
Butterflied Prawn Skewers,0,0
Poppy Seed And Ricotta Pancakes,1,0
BEEF & ALE STEW,0,0
12-HOUR RABBIT BOLOGNESE,1,1
Sicilian Fish Soup,1,0
"AIR-FRYER GARLIC, HONEY & MUSTARD CRISPY POTATO CUBES",0,1
Crispy Polenta Chicken Caesar Salad,0,1
Aloo Gobi With Fluffy Rice Yoghurt,0,0
Hot Cross Bun Twister Bread,1,0
Pasta Pesto,0,0
Gochujang Chicken Noodle Traybake,0,1
Michela S Turkey Hotpot,1,0
Jools Crunchy Fish,0,0
MICHAEL MCINTYRE’S SCALLOPS FOR KITTY,0,0
Veggie Feijoada With Sweet Potato Kidney Beans,0,0
FROZEN BERRY MARGARITA,0,0
CHICKEN NOODLE SOUP,0,0
CHEAT’S HOMEMADE PAPPARDELLE WITH QUICK TOMATO SAUCE,0,0
SIENNA MILLER'S DUCK RAGÙ,0,0
SARDINE PUTTANESCA,0,1
BUDDY'S FLAPJACK BISCUITS,0,0
FLYING STEAK SANDWICH,0,1
"SAUSAGE, KALE & RICOTTA BAKE",0,0
Super Green Salad With Crispy Mackerel,0,0
Chicken Leek Asparagus Pie,0,0
BRUSSELS SPROUTS CAESAR-STYLE,1,0
SPICED ROAST LAMB,0,0
QUICK TOMATO MACARONI CHEESE,0,0
FIVE SPICE DUCK SALAD,0,0
HOT & SOUR CHICKEN BROTH,0,0
Spicy Pasties,0,0
FLUFFY BANANA PANCAKES,1,0
FESTIVE ROAST CHICKEN,0,0
SUMMER CORDIAL,0,0
BERRY POCKET EGGY BREAD,0,1
Blackcurrant Ombr Cheesecake,0,0
Cheats Pea Soup,1,1
Stewed Rhubarb And Vanilla Yoghurt,1,0
MIXED-VEG PASTA,0,0
GENNARO’S MEATBALL SANDWICHES,0,1
Smokin Chilli Non Carne Soup,1,0
Jamie S Turkey Pork Amp Cranberry Pie,0,0
REUBEN-ISH SANDWICH,0,1
Warm Grape Radicchio Salad,0,0
SPRING SOUP WITH CHEESY TOASTS,1,1
Irish Mackerel Breakfast,0,0
Crunchy Orange Harissa Salad,0,0
Air Fryer Everything Scones,0,0
Turkey Stew,0,1
Roasted Rump Steak,0,0
JAMIE'S EPIC ROAST PORK,0,0
"DARK, STICKY STEW",0,0
Jalfrezi ,1,0
Outrageous Pulled Pork,0,0
FRESH NOODLE SALAD,0,0
"MICHELA’S CAULIFLOWER, APPLE & SWEET POTATO",0,1
Rack Of Lamb,0,0
ICELANDIC RICE PUDDING,0,0
Essex Gumbo,0,0
RAINBOW OPEN WRAP,1,1
BEEF CURRY,0,0
CAULIFLOWER CHEESE LASAGNE,0,0
CHEESY LEEKS À LA OLIVER,0,0
Prawn Cheese Tacos,0,1
HAM & LEEK QUICHE,0,0
Chocolate Tiramisu,0,0
WINTER SIDECAR,0,0
Greens Mac N Cheese,0,0
LEMON CURD TART,0,0
Quick Salmon Tikka With Cucumber Yoghurt 17 Minutes,0,0
VEGGIE ‘FISH FINGER’ SANDWICHES,1,0
SALLY & BRENDA’S SPECTACULAR FUDGY CHOCOLATE PUDDING,0,0
Refreshing Chopped Salad,0,0
SINGAPORE-STYLE CHILLI TOFU,0,1
Smoky Haddock Corn Chowder,0,0
SESAME BUTTERFLIED CHICKEN,0,1
CHICKEN TIKKA SKEWERS,1,0
Sticky Pork Noodles,0,1
Slow Roasted Duck With Celeriac Remoulade,0,0
SUPER-QUICK FRESH PASTA,1,0
STUFFED LEG OF LAMB WITH ROSEMARY AND PINE NUTS,0,0
"CHRISTMAS TURKEY WITH HOMEMADE GRAVY, ROAST POTATOES, VEG AND PORK AND ONION STUFFING",0,0
VENISON STEAK-FRITES,0,0
BURGERS & SLIDERS,0,1
MEDITERRANEAN-STYLE HERRING LINGUINE,0,0
SKINNY CARBONARA,0,1
SIMPLE ROAST CHICKEN,0,1
MACARONI CHEESE,0,1
ROASTED CONCERTINA SQUID,0,0
Dark Chocolate Ricciarelli,0,0
EGGY BREAD MUFFINS,1,0
GRIDDLED STEAK & PEPPERS,0,1
BASIC BREAD RECIPE,1,0
SRI LANKAN-STYLE MONKFISH CURRY,1,1
Royal Barbecued Pork Loin,0,0
BEST-EVER BRUSSELS SPROUTS,1,0
HONEYMOON SPAGHETTI,1,1
CRACKING COBB SALAD,0,0
PARSI SALLI BOTI,0,0
Speedy Spinach Paneer,0,0
PORK & PEPPERS,0,0
Arancini,0,0
Nathan Outlaw S Seafood Burger,0,1
STICKY TERIYAKI AUBERGINE,1,0
DUKKAH BEEF CARPACCIO,0,0
CYPRIOT (AND ALSO BULGARIAN) SALAD,0,1
Roasted Grapes With Cheese,0,0
WATERMELON & FETA SALAD,0,0
WALDORF SALAD,0,0
PRAWN LINGUINE,0,1
CHICKEN & GARLIC BREAD KEBABS,0,1
SIZZLING LAMB LOLLIPOPS,0,0
Tasty Greens,1,0
BEST-EVER CRANBERRY & PISTACHIO NUT ROAST,0,0
JAPANESE GRILLED SALMON & SEAWEED SALAD,0,0
Vegan Blueberry Pancakes,1,0
PRAWN & CRAB WONTONS,0,0
Navajo Flatbreads,1,0
My Ratatouille Puff Pizza,0,0
Sesame Roasted Kale,0,0
Creamy Chicken And Chive Pie,0,0
Salt Crust Salmon,0,0
SIMPLE SUSHI SALAD,0,1
SWEET POTATO & CHICKPEA CURRY,1,1
HOT-SMOKED SALMON PASTA,1,1
Roasted Squash And Beef Carpaccio,0,0
Baked Clams With Roasted Sweet Shallots Fennel,1,0
CRUNCHY RAW BEETROOT SALAD WITH FETA & PEAR,0,0
POSH ROAST PORK PARTY KEBABS,0,0
FRENCH-STYLE CHICKEN,0,0
STRAWBERRY ICE LOLLIES,0,0
"CAJUN ROAST CHICKEN, VEG & SPICY GRAVY",0,0
Thyme Crusted Rack Of Lamb,0,0
JOE LYCETT'S WILD BOAR RAGÙ,0,1
Old Cuban Cocktail,0,0
CRISPY SALMON TACOS,0,1
CHALLAH BREAD,1,0
Devil S Double Choc Malt Cookies,0,0
Simple Cheese Omelette,0,0
SAUSAGE GNOCCHI,0,0
Marinated And Pot Roasted Beef Fillet With A Brilliant Potato And Horseradish Cake,0,0
Lasagne,0,1
Dairy Free Chocolate Nut Cookies,0,0
JAMIE'S CHRISTMAS TURKEY,0,0
BEEF BRISKET WITH RED WINE & SHALLOTS,0,0
Leftover Turkey Salad,0,0
MEXICAN-STYLE OMELETTE WRAP,0,0
SLOW-COOKER TURKEY CROWN,0,0
LOBSTER BURGER,0,0
Apple Pear Overnight Oats,1,0
Tomato Broad Bean Orecchiette,1,0
"MICHELA’S BEETROOT, PEACH & COCONUT (NO COOK)",0,1
Charred Pepper Pesto,0,0
CAJUN RICE & BARBECUE TURKEY BURRITO,0,1
BUDDY’S SMOKY BEANS,1,0
OVEN-BAKED RIGATONI WITH WILD BOAR SALAMI,0,0
FESTIVE MEATLOAF,0,0
WHOLE GRILLED HALLOUMI WITH APRICOTS,0,1
Upside Down Noodle Rice Bowl,0,0
MINT CHOCOLATE CHIP YOGHURT BARK,1,0
PARTRIDGE KYIV,0,0
MINI SHELL PASTA WITH A CREAMY SMOKED BACON & PEA SAUCE,0,0
Cauliflower Cheese,0,0
AMALFI LEMON & POLENTA CAKE,0,0
Smoky Mussel Laksa,0,1
Mackerel Pasta Salad,0,0
CLASSIC TOMATO SPAGHETTI,0,1
POTATO & CELERIAC MASH,1,0
BROAD BEAN & WILD FENNEL BRUSCHETTA,0,0
BLACK BEANS & CHEESE,1,0
Coley Korma With Fluffy Rice,0,1
PROSCIUTTO BAKED FISH & GARLICKY BEANS,0,0
"FISH FINGERS, CHIPS & EASY TARTARE SAUCE",0,0
Gluten Free Chocolate Brownies,0,0
MEXICAN-STYLE ROASTED VEG RAGÙ,1,0
SUNSHINE EGG SALAD,0,1
Chocolate Caramel Tart With Hazelnuts,0,0
CLASSIC CANNELLONI,0,1
Mini Vegan Doughnuts,0,0
Air Fryer Lemon Poppy Seed Scones,0,0
Party Squid Harissa Mayo,0,1
SUPER EGGS BENEDICT,0,1
PLUM TARTE TATIN,0,0
My Easy Peri Peri Chicken,0,1
CELERIAC REMOULADE,0,0
Carrot Cake Muffins,1,0
Basic Latkes,1,0
SALT COD SOUP (ZUPPA DI BACCALA),1,0
Pan Cooked Asparagus And Mixed Fish,0,0
Tacu Tacu,0,0
JERSEY ROYAL TRAYBAKE,0,0
Roasted Banana Cinnamon Ice Cream,0,0
Speedy Salsa Spaghetti,0,0
Warm Potato Herring Beetroot Apple Salad,0,0
Kerryann S Hidden Vegetable Pasta Sauce,1,0
Tabbouch W Khobez Mekli,0,1
BEEF STEW,1,0
SIZZLING STEAK STIR-FRY,0,1
Tomato Fritters,0,0
Rolled Cassata,0,0
Quick Flatbreads With Avocado Feta,0,0
Smoky Pancetta Cod,1,0
Creme Caramel,0,0
KOREAN CHICKEN HOTPOT,0,1
SPRING FRITTATA,0,0
Avocado And Broccoli Tacos,1,0
Avocado On Rye Toast With Ricotta,0,0
SCRUFFY SPRING TART,0,0
CHICKEN & TARRAGON PLATE PIE,0,0
Saltimbocca Alla Romana,0,0
Warm Salad Of Roasted Squash Prosciutto And Pecorino,0,0
PREPPING THE TURKEY,0,0
ITALIAN BAKED EGGS,0,0
"MILD CHICKEN, CHICKPEA & SQUASH CURRY",0,1
ITALIAN-STYLE ANTIPASTI PLATE,0,0
Gennaros Store Cupboard Panzanella,0,1
Chilli Ginger Whole Sea Bass,1,0
Gluten Free Cottage Cheese Muffins,0,0
Cajun Salmon Po Boy,0,1
Barbecued Chicken Dim Sum,0,1
CACHAÇA ROASTED CHICKEN WITH CASSAVA CHIPS,0,0
Figs With Pine Nuts Goat S Curd,0,0
Honey And Lemon Juice Dressing,0,0
Jools Teriyaki Inspired Salmon,0,0
"BROAD BEANS, GARLIC & FETA BRUSCHETTA",1,0
Rosemary Roast Chicken,0,0
Baked Chicken Porcini Risotto,0,0
SWEET DUCK LEGS COOKED WITH PLUMS AND STAR ANISE,0,0
Warm Grilled Peach And Fris E Salad With Goat S Cheese Dressing,0,0
DELICIOUS CHOCOLATE MOUSSE,0,0
CHRISTMAS COURONNE,0,0
GNOCCHI ALLA TRAPANESE,0,0
Chorizo Pear Red Cabbage,1,0
CREAMED SPINACH,0,0
"COURGETTE SALAD WITH MINT, GARLIC, RED CHILLI, LEMON & EXTRA VIRGIN OLIVE OIL",1,0
SURF & TURF GUMBO,0,0
Diy Party Combos Prawns And Marie Rose Sauce,0,0
SPANAKORIZO,0,1
Festive Greens Gnocchi,0,0
ROAST DUCK,0,0
Ricotta Parmesan Fritters,0,0
Scallops With Pancetta And Mint Butter,0,0
Squid With Tamarind Recado Amp Pineapple Salsa,0,0
Gorgeous Dinner Of Porchetta Stuffed With Wild Mushrooms Celeriac Mash And Gravy,0,0
PAN-FRIED PORK CHOPS,0,0
Principle Bread Dough,1,0
Spicy Feta Pepper Dip,0,0
Devils On Horseback,0,0
PORNSTAR MARTINI,0,1
WIMBLEDON-INSPIRED STRAWBERRY FRO-YO,0,0
Indian Style Chip Butty,1,0
Spicy Broad Bean Fritters With Lemon Minted Yoghurt,0,0
SEVEN-VEG TAGINE,0,0
SALT BEEF,0,0
PROPER CHICKEN NUGGETS,1,0
"PORK, SPRING GREEN & BLACK BEAN STIR-FRY",0,0
LUXURIOUS FISH PIE,0,1
Courgette Feta Fritters,0,0
JEWISH PENICILLIN,0,0
CHICKPEA CHARD PORK,0,0
Coconut Bread,0,0
GNARLY CAULIFLOWER CURRY,0,0
Grilled Mushroom Peppers,0,0
RED CABBAGE,0,0
My Favourite Ribollita La Mia Ribollita Preferita,0,0
MAPLE CREPE CAKE WITH CARAMELISED PANCETTA,0,0
HERBY SMOKED SALMON POACHED EGGS,0,0
SUMMER STRAWBERRY TARTE TATIN,0,0
LUCKY CHARMS,0,1
CREAMY LEEK GNOCCHI,0,1
TROUT FISH FINGER BAPS,0,1
SAUSAGE & MASH PIE,0,0
STUFFED ROASTED SALMON WITH JERSEY ROYALS,0,0
PHEASANT STEW WITH CHESTNUT DUMPLINGS,0,0
Florentines,0,0
Roasted Beetroot Toast,1,0
Chocolate Banana French Toast,0,0
JAMIE’S MEATLOAF,0,0
SIZZLING SIRLOIN,0,0
MARINATED EGGS,0,0
CHICKEN & SQUASH SALAD,0,0
STRAWBERRY & CREAM SANDWICH SPONGE,0,0
Wild Garlic Butter Tear Share Rolls,0,0
LEFTOVER GET-AHEAD GRAVY BAKE,0,1
ROAST CHICKEN WITH ALL THE TRIMMINGS,0,0
Prosciutto Pork Fillet,0,0
ULTIMATE PUMPKIN PIE,0,0
POTATO SALAD WITH SMOKED SALMON & HORSERADISH CRÈME FRAÎCHE,0,0
JAMESTOWN GRILLED PRAWNS,0,1
SPICY SAUSAGE FUSILLI,0,1
Whole Roasted Spiced Cauli,1,0
MICROWAVE CHOCOLATE PUDDINGS,0,0
SURF & TURF,0,0
POACHED PEACHES OR APRICOTS & LEMONGRASS,0,0
CHOCOLATE CANNOLI,0,0
Banana Firework Lollies,0,0
Mussels With Guinness,0,0
LIMONCELLO & FRUIT SALAD FRO-YO,0,0
EGG TORTILLA WRAP,0,0
RAW VEGAN FLAPJACK SNACKS,0,0
PICI DOUGH,0,1
Gennaro S Pasta Frittata Lots Of Ways,0,0
Beetroot Curry,0,0
"FROZEN GRAPES, CHOCOLATE & GRAPPA",0,0
THAI GREEN CURRY,0,0
ASPARAGUS FRITTATA,0,0
Air Fryer Bubble And Squeak,0,0
Hasselback Potatoes With Gorgonzola Honey,1,0
CRANACHAN RASPBERRY CAKE,0,0
CRISPY-SKINNED MACKEREL WITH FRAGRANT DRESSING,0,0
Mincemeat,0,0
CHICKEN NOODLE STIR-FRY,0,1
CHERRY CHARD WILD RICE,0,0
SUMMER TOMATO AND HORSERADISH SALAD,0,0
IXTA’S BLACKENED FISH TACOS,0,1
CRISPY & STICKY CHICKEN THIGHS WITH SQUASHED NEW POTATOES & TOMATOES,0,0
GARLIC MUSHROOM CODDLED EGGS,0,0
"CITRUS-SEARED TUNA WITH CRISPY NOODLES, HERBS AND CHILLI",0,0
LIGHT & FLUFFY RICE,0,0
STRAWBERRY CHAMPAGNE,0,0
ROAST CHICKEN & SALSA VERDE,0,0
Honey Mustard Pork Chops With Watercress Grains,0,0
Summer Vegetable Goat S Cheese Frittata,0,0
Super Tasty Spanish Roast Chicken,0,1
Crispy Potato Egg Salad,0,1
"COURGETTE, CHICKPEA & PASTA SALAD",0,0
The Best Marinated Lamb Kebabs,0,0
PEAR & CHILLI PICKLE,0,0
ALMOND-STUFFED CHOCOLATE DATES,0,0
SWEET POTATO & BLUE CHEESE FRITTATA,0,0
ASIAN SQUASH SALAD WITH CRISPY DUCK,0,0
ONE-PAN HERBY GREEN RICE & FISH,1,1
The Best Cauliflower Broccoli Cheese,0,0
Aubergine Parmigiana With Crispy Breadcrumbs,0,0
Prawn Papaya Salad,1,0
Lovely Lamb Balti,0,0
Super Tasty Gnocchi,1,0
Salmon With Rhubarb Sauce Tarragon Mayo,0,0
Posh Lollipops,1,0
Quick Sausage Meatballs With A Tomato And Basil Sauce Spaghetti And Sweet Raw Peas,0,0
BLUEBERRY CORNMEAL SKILLET CAKE,0,0
CHOCOLATE SURPRISE TRUFFLES,0,0
AVOCADO ON RYE TOAST WITH BEETROOT,0,0
BRAISED OCTOPUS WITH ROMESCO SAUCE,0,0
LEMON CRÊPE CAKE,0,0
Spiced Chicken Rice Traybake,0,1
Easy Cheese Straws,0,0
CLEMENTINE ROAST DUCK,0,0
"RED GRAPE PIZZA WITH HONEY, ROSEMARY AND PECORINO",0,0
CHRISTMAS PUDDING,0,0
CHESTNUT & PORCINI-CRUSTED VEAL RACK,0,0
SIMPLE STUFFED DUMPLINGS,1,0
CLASSIC TOMATO SPAGHETTI,1,0
Piri Piri Chicken,0,1
FANTASTIC FISH SKEWERS,0,1
AIR-FRYER FRAGRANT CHICKEN IN A BAG,0,1
WILD RABBIT STEW,0,1
SWEET PEPPER PANZANELLA SALAD,1,0
CORTECCIA,0,0
Chocolate Log,0,0
JIMMY'S ULTIMATE ROAST BEEF SANDWICH,0,0
CRUNCHY GARLIC CHICKEN,0,0
"KHACHAPURI, MY STYLE",0,0
Risotto Bianco White Risotto,0,1
Bombay Potatoes,1,0
"PHO SURE, IT'S GOOD",0,0
Brown Shrimps On Toast,0,0
Layered Vanilla Cheesecake,0,0
WHOLE BAKED CAULIFLOWER WITH TOMATO AND OLIVE SAUCE,1,0
Pulled Brisket Chilli,0,1
Leftover Chicken With Tomatoes Amp Crispy Chorizo,0,0
Trio Of Mezedes,0,0
Watermelon Glory,0,0
Gorgeous Rosemary Prune Skewers,0,0
Crispy Fried Salmon With Spring Vegetable Broth,0,0
STILTON & PEAR GNOCCHI,0,0
Ashley S Sticky Rice Mango,1,0
VEGGIE CARBONARA,1,0
Bucatini Carbonara,0,0
PITHIVIER PIE,0,0
HEALTHY CHICKEN CAESAR,0,0
CHICKEN CASSEROLE,0,0
Plum And Almond Tart,0,0
Quick Veggie Curry,1,0
"LEMON FISH, SPUDS & SPINACH SAUCE",0,1
Lindsay Lohan S Chicken Pot Pie,0,0
MUSHROOM JALOUSIE,0,1
LOVELY LAMB HOTPOTS,0,1
Homemade Lime Pickle,0,0
SPICY LIME-SPIKED PAK CHOI,0,0
STICKY TOFFEE CUPCAKES WITH CHOCOLATE TOPPING,0,0
FLUFFY PANCAKES,1,0
CHICKEN TIKKA MASALA,0,0
BEST CHARGRILLED STEAK,0,0
Bubble Squeak Hamburgers,0,1
SOUTHERN-STYLE PORK & SLAW,0,0
BAKED FETA IN FIG LEAVES,0,0
PAELLA,0,0
AIR-FRYER PINEAPPLE TARTE TATIN,0,0
COCONUT PANCAKES WITH POMEGRANATE JEWELS,1,0
Crispy Pork Broccoli Noodles,0,0
GARLIC AÏOLI,0,0
Baked Lemon Cheesecake,0,0
DAVID TENNANT'S CROATIAN-STYLE CUTTLEFISH RISOTTO,0,1
Prawn Cocktail,0,0
MINCEMEAT PALMIERS WITH VANILLA ICE CREAM AND SHERRY,0,0
SAVOURY SEEDED CRACKERS,1,0
Potted Shrimp Crab,0,0
SIZZLING BEEF WITH SPRING ONIONS & BLACK BEAN SAUCE,0,1
TOAD IN THE HOLE,0,0
GLUTEN-FREE SPINACH & RICOTTA ROULADE,0,0
RAVNEET’S TINNED MANGO CRÈME BRÛLÉE,0,1
"OLIVE, TOMATO, ROCKET, PARMESAN & MOZZARELLA PIZZA",1,0
Gluten Free Pizza,0,0
SHRIMP & BLACK BEAN QUESADILLAS,1,0
GINGER & TREACLE CAKE WITH ICE CREAM,0,0
Crispy Basil Salad With Pork Pickled Carrots,0,0
BRAZILIAN POLENTA CAKE,0,0
SCOTCH BROTH WITH WINTER ROOT VEG,0,1
SEASONAL GREENS RAVIOLI,0,0
CONSISTENTLY GOOD GRAVY,0,0
Double Corn Salad,0,0
CRACKER RAVIOLI,0,0
Easy Flatbreads,1,0
MUSHROOM & LENTIL PAPPARDELLE BOLOGNESE,1,0
THREE FLAVOUR FOCACCIA,1,0
Chicken Mushroom Puff Pie,0,0
Warm Mackerel Potato Salad,0,0
Roast New Potato Pickle Salad,1,0
SMOKED PANCETTA PIZZA,0,0
"ROAST DUCK LEG, CHERRY, WATERCRESS & FETA SALAD",0,0
SOURDOUGH BREAD,1,0
TURKEY BREAST WITH SAUSAGE & APRICOT STUFFING,0,0
CRISPY TORTILLAS WITH GUACAMOLE,0,0
Breakfast Crumpies,1,0
POACHED CHICKEN AND VEGETABLE SOUP,0,0
RHUBARB BELLINI,0,0
PAN-FRIED DUCK BREAST WITH PAK CHOI & ASPARAGUS,1,0
Apple Sponge Pudding,1,0
Easy Peasy Ginger Beer,0,0
Gravadlax,0,0
RAMEN NOODLES,1,0
Black Pudding Crumpets,0,0
PEPPER & CHICKEN JALFREZI TRAYBAKE,0,0
BEEF STROGANOFF,0,0
CHICKEN IN A POT,0,0
AVOCADO & BACON EGGY CRUMPETS,0,0
GRILLED STEAK WITH HERBY BROWN RICE,0,0
"CHICKEN, LEEK & PEA PASTA BAKE",0,1
HASSELBACK AL FORNO,0,0
BLOODY MARY BEEF,0,1
BAUMKUCHEN,0,0
Trout With Ham And Cider,0,0
Tangerine Chocolate And Vanilla Salad,0,0
Black Blushing Worcestershire Fillet,0,0
ROAST CHICKEN & CRISPY BREAD SALAD,0,0
NECK FILLET STEAK,0,0
CARAMELISED PORK BELLY SLICES & PATTIES NOODLE SALAD,0,1
PERFECT MINCE PIES,0,0
Vegan Ginger Cupcakes,0,0
CRAB RIGATONI,0,1
Poulet Yassa,0,1
Humble Home Cooked Beans,0,0
FRUITY FROZEN YOGHURT,1,0
EGGNOG,0,0
SMOKED SALMON PASTA,0,1
Salmon Pesto Dressed Veg,0,0
ENGLISH MUFFINS,0,0
FROZEN FRUIT & ALMOND CRUMBLE,0,0
PEAR & GINGER PUDDING,0,0
DUCK CEVICHE,0,0
Cevapi With Ajvar,0,0
Gluten Free Strawberry Raspberry Crumble,0,0
LEMON PICKLE,0,0
"MY TASTY ENERGY BALLS: DATE, COCOA & PUMPKIN SEED",0,0
MOROCCAN-STYLE ROAST CHICKEN,0,0
PINEAPPLE CARPACCIO,0,0
Stuffed Salmon,0,0
LITTLE ZA’ATAR BUNS,0,1
Sweet Potato Chilli,1,0
Beef Carpaccio With Marinated Bean Salad,0,0
Smoky Veg Bruschetta With Chilli,0,0
Spiced Roast Chicken,0,0
WHOLE ROASTED RICOTTA WITH HONEYED FIGS,0,0
Spring Poached Chicken,0,0
PINEAPPLE PANCAKE MESS,1,0
APPLE & BERRY CRUMBLE,1,0
Green Salsa,0,0
KAMIL'S CHICKEN,0,1
Mushroom Farfalle,0,1
SQUASH & RICOTTA PASTA BAKE,0,0
A CRACKING BURGER,0,0
PORK & CABBAGE POTSTICKERS,0,0
"SPAGHETTI WITH ANCHOVIES, DRIED CHILLI & PANGRATTATO",0,0
SMOKED SALMON PÂTÉ,0,0
BLACKENED CHICKEN,0,1
ROJAK,0,0
Crunchy Hot Cross Bun Dippers,0,0
Asparagus Sushi,0,0
Causa Croquettes,0,0
Green Tea Roasted Salmon,0,1
SWEET POTATO & SWEETCORN PANCAKES,0,1
ONE-CUP PANCAKES WITH BLUEBERRIES,1,0
The Best Fish Baps With Mushy Peas Tartare Sauce,0,0
PRETTY PICKLED VEG,0,0
Sweet Sour Veggies,0,1
THE AMAZING DATE SHAKE,0,0
SALMON & PRAWN PIE IN A PAN,0,1
FESTIVE PORCHETTA & ALL THE TRIMMINGS,0,0
"COURGETTE, TOMATO & MOZZARELLA AL FORNO",0,1
BAKED POLLOCK,1,0
Jools Easy Creamy Rice Pudding,1,0
Tomato Rice,0,1
Jfc Jamie S Fried Chicken,0,0
Roast Chicken Thighs And Nduja,0,1
SUMMER VEG BLANKET PIE,0,0
Passion Berry Choux Buns,0,0
Crispy Moroccan Carrots,1,0
LEFTOVER GET-AHEAD GRAVY TORTILLA,0,0
Autumn Blackberry Cobbler,0,0
SQUASH IT SANDWICH,0,1
Speedy Folded Flatbread,0,1
SALINA CHICKEN,0,0
Summer Roast Pork Crackling,0,0
Kunde,0,1
BUDDY'S SUPER VEGGIE BURGERS,0,1
LAMB & RED WINE STEW,0,0
CRANBERRY GRANOLA,0,0
Colcannon,1,0
EGGLESS CHOCOLATE CAKE,0,0
SIMPLE POACHED CHICKEN,1,0
SCRAMBLED EGG OMELETTE,0,0
SWEET VANILLA RISOTTO WITH POACHED PEACHES AND CHOCOLATE,0,0
ROASTED CARROTS & BEETS WITH THE JUICIEST PORK CHOPS,0,0
FETA & TOMATO PASTA,0,0
Crispy Bottomed Steamed Dumplings,1,0
BOX GRATER FRUIT SALAD,0,0
Christmas Jerk Gravadlax,0,0
FROZEN YOGHURT LAYER CAKE,0,0
Spanish Rabbit Stew,0,0
TOMATO MEDLEY,0,0
KENNY RANKIN'S ROSEMARY FOCACCIA,0,0
CHARRED AVO & EGGS,0,0
Ultimate Roast Chicken Caesar Salad,0,0
Spinach Lasagne,0,1
STICKY CHINESE RIBS,0,0
Tiramisu,0,0
Michela S Easy Minestrone,1,0
QUICK HOMEMADE TORTILLA,1,0
Veggie Fried Rice With Sriracha Egg,0,1
QUICK CRISPY CHICKEN WITH TOMATOES & ASPARAGUS,0,0
Prawn Stuffed Flatfish,0,0
Crispy Garlicky Chicken,1,1
SATISFYING VEGGIE BAKE,0,0
LAMB BOTI KABAB,0,0
Pina Colada Fro Yo,0,0
DUCK & APPLE CASSOULET WITH A HERBY CRUST,1,0
Roast Pork Leg,0,0
ROAST FORERIB OF BEEF WITH BEETROOT AND HORSERADISH,0,0
GRILLED TUNA WITH TOMATO SPAGHETTI,0,0
TUNA CARPACCIO - JAPANESE STYLE,0,0
MOJITO FRUIT SALAD,0,0
MY EPIC BBQ SAUCE,0,0
Sweet Amp Sticky Roast Quail,0,0
CRISPY RICE PANCAKES,1,1
ROASTED CHICKEN BREAST WITH CREAMY BUTTERNUT SQUASH AND CHILLI,1,0
DAIRY-FREE APPLE MUFFINS,0,0
Roast Peach Parma Ham Salad,0,0
"PEAS, BEANS, CHILLI & MINT",0,0
TOMATO & CAPER LINGUINE,1,0
SESAME SEARED SALMON,0,0
Chocolate Rye Cookies,0,0
QUICK GARLIC MISO RAMEN,0,1
CRANBERRY SAUCE,0,0
CHICKEN CHOW MEIN,0,1
LAMB & CHICKPEA CURRY,1,0
Fried Pizza Pizza Fritta,0,1
GARLIC & SESAME-SEARED TUNA,0,0
Turkey Wellington,0,0
Saffron Hazelnut Wreath,0,0
SOMALI BEEF STEW,0,1
ALTAMURA PEA SOUP (MINESTRA DI PISELLI DI ALTAMURA),1,0
EPIC EGG SALAD,0,0
Lemon Sole With Runner Beans,0,0
Roasted Tomato White Bean Soup,0,0
SEAFOOD COCKTAIL,1,0
HOT CROSS BUN BREAD & BUTTER PUDDING,0,0
Diy Party Combos Smoked Salmon With Horseradish And Beetroot,0,0
QUICK POACHED EGGS WITH FAJITA-SPICED YOGHURT,0,0
BLACKBERRY AND APPLE PIE,0,0
Sour Cranberry Bakewell,0,0
APPLE & CELERIAC SOUP,0,0
HALLOUMI WITH GRIDDLED VEGETABLES,0,0
Chocolate Raspberry Tart,0,0
Pancetta Hash With Eggs And Apple Salad,0,1
Fantastic Fish Finger Buttie,0,1
GRILLED PEACHES WITH BRANDY & BAY,0,0
Coconut Chutney,1,0
BOLOGNESE SAUCE,1,0
HELEN’S PEANUT BUTTER & BANANA SANDWICHES,0,1
Red Cabbage,0,0
"CHICKEN SALAD WITH SUGAR SNAP PEAS, VIETNAMESE CORIANDER & SHALLOTS",0,1
Baked Squash,1,0
DRIZZLE BUNDT CAKE,0,0
ROASTED PARSNIPS,0,0
Coconut And Mango Celebration Cake,0,0
APPLE & BLACKBERRY CRUMBLE,0,0
GRIDDLED STEAK WITH HORSERADISH SAUCE,0,0
Nishkamswat Veggie Lasagne,0,0
AUBERGINE & TOMATO ROGAN JOSH,1,0
Michela S Beef Plum Cauliflower,0,1
KEDGEREE,0,1
Christmas Crumble,1,0
BBQ BAKED BEANS,1,0
TOFFEE APPLE TART,0,0
STICKY LAMB CHOPS,0,0
EASY ROAST CHICKEN,0,0
ORECCHIETTE WITH RAW TOMATO SAUCE,0,0
SLOW-COOKED COURGETTE & PINE NUT PASTA,0,1
ILE FLOTTANTE,0,0
Crispy Pork Tacos,0,1
HERB SALAD WITH GOAT'S CHEESE,0,0
SICILIAN SPAGHETTI ALLA NORMA,0,1
Smoked Trout Horseradish New Potato Salad,0,0
AUBERGINE MASSAMAN CURRY,0,0
SILKY SQUASH RISOTTO,0,0
LEMON SOLE WITH CHIPOTLE & ANCHO CHILLI RECADO,0,0
Breakfast Couscous,0,0
KEDGEREE,1,0
OVEN-ROASTED RHUBARB,0,0
Aromatic Pork Noodles,0,0
"TAGLIATELLE, GENOVESE-STYLE",0,1
Sausage Sandwich,0,0
Potato Salad,1,0
APPLE TART,1,0
Stuffed Fruit Crumble,0,0
HARISSA SPATCHCOCK CHICKEN TRAYBAKE,1,0
Brasilian Chicken Bucket,0,0
ROCKET & PISTACHIO PESTO PASTA,0,0
HOT TUNA SALAD WITH BASIL DRESSING,0,0
JOOLS’ SIMPLE CHICKEN & VEG STEW,0,0
Kimchi Pancakes,0,1
POTATO CAKES WITH SMOKED SALMON,0,0
CHARGRILLED WHOLE SQUID,0,0
HALLOUMI & BLACK OLIVE CAKE,0,1
YIAYIA POLY'S GIOUVARLAKIA (MEATBALLS IN TOMATO SAUCE) FROM ATHENS,0,1
Roasted Pear With Walnut Ginger Filling,0,0
SLOW-COOKER BEEF,0,0
BEAUTIFULLY CHEESY PASTA FONDUTA,0,0
SIMPLE CHOCOLATE TART,0,0
JOE WICKS' RAVIOLI ALLA NAPOLETANA,0,0
Aegean Kakavia Beautiful Fish Stew,1,0
Leftover Chicken Broth With Grains,0,0
Mini Beef Burgers,1,0
CHOCOLATE ALE MARSHMALLOWS,0,0
CARBONARA OF SMOKED MACKEREL,0,1
Caesar Salad Bites,0,0
Plum Sorbet,0,0
SICHUAN PEPPER BEEF BRISKET,0,0
Spinach Ginger Chicken Curry,0,1
RICOTTA & ALMOND CAKE,0,1
SMOKED SALMON AND SCRAMBLED EGGS,0,0
Buffalo Style Chicken Wings,0,0
Summer Tray Baked Salmon,0,0
SURF & TURF-STYLE SKEWERS,0,0
Smoky Aubergine Daal,1,0
CHERRY BROWNIES,0,0
MISO-GRILLED AUBERGINE & CUCUMBER PICKLE RICE BOWL,1,0
AIR-FRYER MASALA-SPICED LAMB CHOPS,0,1
FLUFFY COCONUT BREADS,1,0
FISH PIE,0,0
Pizza Twister Bread,0,1
Smoked Beets With Grilled Steak And A Cottage Cheese Dressing,0,0
Energy Saving Chicken Roast,0,1
White Base Sauce,0,0
Herring Tacos,0,0
The Ultimate Burger,0,1
CROSTINI - PEA AND BROAD BEAN PURÉE WITH PECORINO,1,0
Braised Veal,0,0
"BROCCOLI & BOILED EGG SALAD WITH ANCHOVIES, CHILLIS & CROUTONS",0,0
Ham Egg Loaded Potato Skins,0,0
BOMBAY OMELETTE,0,0
STEAK & SALSA VERDE,0,0
OYSTER PO'BOY,0,0
MUSHROOM QUESADILLAS,0,1
COLLAR OF BACON,0,0
Chicken Yellow Curry,0,0
SUPER-SPEEDY STEAMED SALMON,0,1
THE BEST HOT CHOCOLATE,0,0
MINI APPLE PANCAKES,0,0
BOILED PRAWN WONTONS WITH CHILLI DRESSING,0,0
Pickled Herrings,0,0
STICKY BARBECUED PRAWN SALAD,0,1
AROMATIC VEG BROTH,1,0
Easiest Cornbread,0,0
Porchetta,0,0
FRIED CLAMS WITH THAI RICE NOODLES,0,0
Poached Beef With Herb Vinaigrette Leeks,0,0
GORDITAS & SALSA,0,0
FENNEL PARMIGIANA,0,0
BROCCOLI & CHEESE PIEROGI,0,1
GOOD OLD LASAGNE,0,1
Wine Braised Chicken With Roasted Grapes,0,1
PASTA WITH AUBERGINE & TOMATO SAUCE,0,0
TOMATO & ANCHOVY SPELT GALETTES,0,1
Welsh Rarebit With Attitude,0,0
Air Fryer Piccalilli Pork Apple Pies,0,0
SPANISH FISH AND CHORIZO SOUP,0,0
Speedy Mackerel Spaghetti,0,0
ROAST CHICKEN AND PESTO,0,0
CAULIFLOWER CHEESE PIZZA PIE,0,0
QUICK SALMON FISHCAKES,0,0
Haggis Croquettes,0,0
Mega Mushroom Lentil Curry Tomato Coriander Lemony Rice,0,0
Roasted Sweet Garlic Bread And Almond Soup,0,0
INDIAN-STYLE BAKED CHICKEN,0,0
BEEF STEW AND DUMPLINGS,0,0
CRUNCHY CARROT PITTAS,0,0
GLUTEN-FREE CURRIED VEG PIE,0,0
FUNKY & POSH CHIPS,0,0
Sausage Casserole,0,0
Slow Cooked Lamb Shoulder,0,0
Chocolate Biscuits With Soft Chocolate Centres,0,0
French Onion Soup,0,1
HOUMOUS,1,0
CAMBRIDGE BURNT CREAM,0,0
Chipotle Chicken Tacos,0,0
SPRING CHICKEN & CITRUS STEW,0,0
QUICK CHICKEN LAKSA,0,0
BAKED ALASKA MINCE PIES,1,0
AUBERGINE PARMIGIANA BURGER,0,0
Malaysian Style Whole Fish,0,0
Mozzarella Winter Fruit Salad,0,0
BANANA PANCAKES,0,0
BUTTERNUT SQUASH DAL & HOMEMADE PANEER,0,0
RAINBOW SALAD WRAP,0,1
ROASTED ROOT VEG,1,0
Dairy Free Chocolate Mousse,0,0
Jodie Whittaker S Massaman Curry,0,0
ULTIMATE LEFTOVER TURKEY SANDWICH,0,1
Baked Veggie Balls,0,0
DIY CRISPY DUCK LETTUCE CUPS WITH CHERRIES AND MINT,0,0
SWEETHEART SLAW WITH PASSION FRUIT DRESSING,0,0
Arnold Bennett Frittata,0,0
Vegan Apple Crumble,0,0
Chicken And Pancetta Party Skewers,0,0
Allotment Cottage Pie,1,0
Pub Style Pork Scratchings,0,0
JAMIE'S LEFTOVER CHRISTMAS PUDDING AND ICE CREAM SUNDAE,0,0
DIY PARTY COMBOS - GREEK STYLE,0,0
STICKY MISO PEPPERS,1,1
AUBERGINE DAAL,0,0
CHICKEN FAJITAS,0,0
Spanish Tortilla,0,0
Gangnam Style Chicken Wings,0,0
CHILLI SAUCE,0,0
"BARBECUE CHICKEN, 3 WAYS",0,0
APPLE & CRANBERRY SAUCE,0,0
BEEF STROGANOFF,0,0
SEARED STEAK & RED CHIMICHURRI,0,1
SPRING VEG PASTA,0,1
The Ultimate Carrots,0,0
SPICED BEEF & RICE HOT POT,0,1
Everything Cookies,0,0
PBJ OVERNIGHT OATS,0,1
Punchy Salmon Salad,0,0
"RISOTTO OF SWEET WHITE ONIONS, COTECHINO SAUSAGE AND THYME (RISOTTO CON CIPOLLE BIANCHE DOLCI, COTECHINO E TIMO)",0,0
Pea And Goat S Cheese Risotto,0,0
TENDER LAMB SHOULDER,0,0
Manhattan,0,0
5-A-DAY SPICED VEG STEW,1,0
Aubergine Lasagne,0,0
SESAME LABNEH,0,0
SOUFFLE OMELETTE WITH VANILLA APRICOTS,0,0
Easy Flapjack Recipes,0,0
GOLDEN MISO SALMON,0,0
SESAME FRIED EGGS,0,0
Crab Fennel Spaghetti,0,1
Cajun Chicken Traybake,0,0
Jollof Fried Chicken,0,1
VEGAN DIM SUM BUNS,1,0
BANOFFEE SUNDAE,0,0
Mango Yoghurt Layer Pots,1,0
ROASTED RADISH & RUNNER BEAN TRAYBAKE,0,0
DIY PARTY COMBOS - BRESAOLA WITH MUSTARD AND COLESLAW,0,0
ANT & DEC'S BLACKENED COD,0,0
CARIBBEAN TURKEY WITH SPICY CORNBREAD & CHORIZO STUFFING,0,0
ULTIMATE GINGERBREAD,0,0
VEGGIE FEIJOADA,1,0
BUBBLE & SQUEAK,0,0
SLOW-ROASTED SHREDDED PORK WITH THYME,0,0
BROWN WINDSOR SOUP WITH PEARL BARLEY,0,0
CHEESY SPRING CHARD CANNELLONI,0,1
ROASTED TOMATO RISOTTO,0,0
CHINESE-STYLE STIR-FRIED PORK,0,0
One Cup Pancakes,1,0
SOAKED PISTACHIO & CITRUS CAKE,0,0
DIPPY EGGS & CORNBREAD SOLDIERS,0,1
Chilli Cheese Cornbread,0,0
Beef Tagine,0,1
Whole Baked Red Onions,0,1
SAFFRON-SPIKED CHICKEN KEBABS,0,0
CRACKING CHICKEN BURRITO,0,1
BARBECUED RED MULLET WITH A HOT SALSA,1,0
SPRING VEG STEW,1,0
Grilled Squid Salad,0,0
CHICKEN & SPRING MUSHROOMS,0,0
CHICKEN ARRABBIATA,0,0
Firecracker Chicken Noodle Salad,0,0
SPICED WHOLE ROAST CAULI,1,0
MINT CHOC CHIP WHOOPIE PIES,0,0
Quick Mexican Breakfast,0,1
ONE-PAN SPICY CHICKEN,0,1
BBQ CHICKEN,0,1
ROAST TOMATO & BREAD SOUP,1,0
Pork Apple Sausage Rolls,0,0
Prosecco Jelly,0,0
"BEEF WITH PAK CHOI, MUSHROOMS AND NOODLES",0,0
RHUBARB GIN,0,0
Store Cupboard Spaghetti With Mackerel Balls,0,0
Toasted Farofa,0,0
Vegan Pasta Bake,0,0
Festive Turkey Croque Monsieur,0,0
SALMON DEVILLED EGGS,0,0
Smoothie Ice Lollies,0,0
"LIVER, BACON & ONIONS",0,1
TROUT CRUDO,0,0
Teardrop Gnocchetti,0,0
GRILLED VEAL WITH WELSH RAREBIT,0,0
COOL MEXICAN BEAN WRAPS,1,1
ROAST CHICKEN SPRINGTIME SALAD,0,0
RELIABLE SWEET SHORTCRUST PASTRY,0,1
FESTIVE FIESTA TACOS,0,1
Fennel Naan,1,0
CRISPY BARBECUED SALMON,0,0
HOISIN PORK,0,1
Crispy Mushroom Shawarma,0,0
GLUTEN-FREE LEMON MILLET BISCUITS,0,0
Classic Ratatouille,1,0
SAUSAGE BRUNCH BAP,0,0
Roasted Stone Fruit Crumble,0,0
JEMMA'S PB & J CUPCAKES,0,0
Scarlett Moffatt Scotch Eggs,0,0
GENNARO'S BUTTERNUT SQUASH & PANCETTA PENNE,0,0
GREEN SAUCE,0,0
GENNARO’S SPAGHETTI ALLA PUTTANESCA,0,0
BREAKFAST EGGY CRUMPETS,0,1
PINEAPPLE UPSIDE-DOWN CAKE,0,0
SPICED PRAWN FLATBREADS,1,0
VEGGIE QUESADILLAS,0,1
CHICKEN TANDOOR-STYLE KEBABS,0,0
KATSU-STYLE TOFU RICE BOWLS,0,0
GLUTEN-FREE BLONDIES,0,0
GUNPOWDER LAMB,0,0
ANGLO-FRENCH TOASTIE,0,0
Easy Fig Tart,0,0
"ROAST LEG OF LAMB WITH PANCETTA, SAGE & ROSEMARY",0,0
AIR-FRYER CAULIFLOWER CURRY,0,1
BUDDY'S SPINACH PICI PASTA,1,0
Ultimate Pork Tacos With Spicy Black Beans Avocado Green Salad,0,0
Martin Freeman S Eggs Royale,0,1
LEG OF LAMB WITH AMAZING GRAVY,0,0
Moroccan Style Lamb Burgers,0,0
ROAST POTATOES WITH SAGE & ORANGE,1,0
CAPT. TOM MOORE'S COFFEE & WALNUT BIRTHDAY CAKE,0,0
CURRY BASE SAUCE,0,0
SPRINGTIME CORDIAL,0,0
Quiche Lorraine With Carrot Parsley Salad,0,0
SPICY SPAGHETTI VONGOLE,1,0
Cranberry Christmas Turkey,0,0
STICKY HOISIN CHICKEN,0,1
Green Shakshuka,0,0
LOLLIPOPS,0,0
Carrot Raita,0,0
ONE-PAN VEGGIE LASAGNE,0,0
LINGUINE ALLA PUTTANESCA,0,1
Southend Pier Paella,0,1
Super Shepherd S Pie,0,1
SUMMER BERRY PAVLOVA,0,0
SPICY PRAWN CURRY WITH QUICK PILAU RICE,0,0
SPICY SALAMI & COURGETTE PIZZA,0,0
LEMONY COURGETTE LINGUINE,0,1
RHUBARB & STRAWBERRY PAVLOVA,0,0
CHICKEN & CHIPS,0,0
CHARGRILLED CHICKEN KEBABS,0,0
CHRIS & DAWN'S WHOLE RED SNAPPER,0,0
Grilled Marinated Mozzarella With Crunchy Bread Smoked Bacon And A Black Olive And Lemon Dressing,0,0
MINI SUPER-FRUIT BREAKFAST WRAPS,1,0
"CHICKEN WINGS, AGRODOLCE-STYLE",0,1
THE BEST BASIL PESTO,0,0
PESTO MUSSELS & TOAST,0,1
Iberico Wrapped Pan Seared Cod,0,0
Mel B S Caribbean Chicken Curry,0,0
DATE & NUT SLICES,0,1
MALABAR PRAWN CURRY,0,0
CLASSIC MINESTRONE,1,0
"MICHELA’S KALE, RICOTTA & SQUASH OMELETTE",0,0
PEAR-ROASTED PORK LOIN JOINT,0,0
Mackerel Plaki,0,0
BARBECOA BLOODY MARY,0,0
CREAM CHEESE MARMITE & AVO,0,1
CHICKEN STEW & DUMPLINGS,0,0
LIME & CUCUMBER TEQUILA TONIC,0,0
Sweet Sour Rabbit,0,0
SWEET POTATO HASH,0,0
Italian Seared Beef,0,0
GUINNESS LAMB SHANKS,0,0
NYC-STYLE PIZZA,0,0
ROASTED TOMATOES,0,0
Meltin Mustardy Beef,0,0
HARISSA SQUASH SALAD,0,0
"TAMARIND, HONEY & SESAME CHICKEN",0,1
SQUASH & SPINACH PASTA ROTOLO,1,1
The Easiest Sexiest Salad In The World,0,0
DUCK RILLETTES,0,0
Beef Shin Ragu With Creamy Polenta,0,1
VICTORIA SANDWICH,0,0
Helen S Rice Pudding With Raisins,0,1
HUSH PUPPIES,0,0
Creamy Asparagus Soup With A Poached Egg On Toast,0,0
The Nicest Tray Baked Lemon Sole,0,0
APEROL & GRAPEFRUIT CITRUS JELLIES,0,0
SPAGHETTI WITH WOOD PIGEON RAGÙ,0,0
STUFFED MUSHROOMS,0,0
AROMATIC SEAFOOD STEW,0,0
Mega Meatball Sub,0,0
SIMPLE STEAMED FISH,0,0
Wild Rice Salad,0,1
DAVINA MCCALL'S SLOW-COOKED RABBIT,0,0
MARK HAMILL'S ROAST SIRLOIN & YORKSHIRE PUDDINGS,0,0
DOSA WITH ROASTED VEGETABLES,0,0
"SUMMER FRUIT, ELDERFLOWER AND PROSECCO JELLY",1,0
WHITE PEACH CORDIAL,0,0
SPICY 'NDUJA VONGOLE,0,1
Chocolate Calzoni,0,0
QUICK INDIVIDUAL STRAWBERRY AND VANILLA TRIFLES,0,0
Tortiglioni,0,0
Mexican Chicken Chilli,0,0
BASIC RECIPE FOR FRESH EGG PASTA DOUGH,0,0
VEGAN M'HANNCHA,1,0
CARROT & GRAIN SALAD,0,1
BRAISED WHITE CABBAGE,0,0
QUICK SALMON AND POTATO AL FORNO,0,1
"PORRIDGE, LOTS OF WAYS",1,0
PRAWN & TUNA LINGUINE,0,0
BARBECUED SPATCHCOCK POUSSINS,0,0
AMAZING VEGGIE CHILLI,0,0
SPINACH & TORTELLINI SOUP,1,0
ITALIAN STYLE BAKED CHEESY MUSHROOMS,0,0
"HAKE WITH BRAISED ARTICHOKES, PEAS & BACON",0,0
"MICHELA’S MANGO, SPINACH & PINE NUTS (NO COOK)",0,1
BEEF EMPANADAS,0,0
"GRILLED SCALLOPS WITH ANCHOVY, MINT & CORIANDER",0,0
CHICKEN & GREEN MANGO THAI SALAD,0,0
VEGGIE TOAD-IN-THE-HOLE,0,0
QUICK STEAMED TREACLE PUDDING,0,0
CHOCOLATE PARTY CAKE,0,0
Asparagus Amp Halloumi Salad,0,0
TEA PARTY FAIRY CAKES,0,0
ULTIMATE BACON SARNIES,0,1
FILO CHICKEN KYIV,0,1
GLUTEN-FREE CHRISTMAS PUDDING,0,0
WINTER GREENS GNOCCHI,0,0
BEST TIRAMISÙ,0,0
ASPARAGUS & MUSHROOM RISOTTO,1,1
ST CLEMENT’S SHORTBREAD,0,0
CHEESE & BACON PINWHEELS,0,0
Tasty Grilled Chicken With Warm Green Bean Salad,0,0
CHOCOLATE CANDY CANE COOKIES,0,0
WONDERFUL WILD GARLIC & SAUSAGE FUSILLI,0,1
BUDDY'S BBQ CHICKEN LOLLIPOPS,0,0
WARM SALAD OF CRISPY SMOKED BACON & JERUSALEM ARTICHOKES,0,0
Zesty Puff Pastry Swirls,0,0
JOOLS' CHOCOLATE DREAMS,0,0
Farfalle With Carbonara And Spring Peas,0,0
CRACKIN' CRAB BRIKS,0,1
Sweet Tamales N Chocolate,0,0
MIKE'S LIMONCELLO TIRAMISÙ,0,0
SOUTHEND PAPPARDELLE,0,1
INCREDIBLE NUT ROAST,0,0
Chilli Con Carne With Popping Kidney Beans,1,0
Spring Lamb Kebabs,0,0
SMOKED SALMON TOASTS,1,0
RHUBARB & CUSTARD TART,0,0
CHICKEN & TOFU NOODLE SOUP,0,0
MEXICAN-STYLE EGGS,0,0
Royal Georgie Snap Biscuits,0,0
Christmas Kedgeree Breakfast Tarts,0,0
BUNDT CAKE,0,0
Double Whammy Toad In The Hole,0,0
ORZO SALAD,0,1
A Taster Of Fresh Oysters Served The Old Fashioned Way,0,0
TRAYBAKED PESTO PIZZA PIE,0,0
GLUTEN-FREE CHOCOLATE CAKE,0,0
Roast Mejadra Onions,0,0
VEGAN BREAD & BUTTER PUDDING,1,0
ROOT VEGETABLE SALAD,0,0
Ultimate Flapjacks,0,0
Veggie Filo Snake,0,1
Clare S Chicken Fajitas With Cheat S Mole Sauce,0,1
Posh Pork Kebabs,0,0
TAPIOCA CRÊPES WITH BRAZIL NUT MILK,0,0
SMOKED TROUT PÂTÉ & RED CABBAGE SLAW,0,0
INDIAN-INSPIRED FRITTATA,0,0
EASY POTATO DAUPHINOISE,0,0
Meatloaf,0,0
Fruit Compote,0,0
Tandoori Chicken,0,0
Incredible Naan Breads,1,0
RICH CHOCOLATE TART WITH SALT FLAKES,0,0
PAN-ROASTED SALMON WITH PURPLE SPROUTING BROCCOLI AND ANCHOVY-ROSEMARY SAUCE,0,0
CHICKEN SOUP WITH SPRING VEG & PASTA,0,0
SALMON & PRAWN FISH PIE,0,1
PECAN & BUTTERED RUM PIE,0,0
MOTHER'S DAY RHUBARB AND GINGER MUFFINS,0,0
Pici Cacio E Pepe,0,1
CHILLI JAM,0,0
Crunchy Keralan Salad,0,0
PEA & RICOTTA STUFFED COURGETTES,0,0
Oaty Muffins With Smoked Salmon,0,1
SOUTHERN PECAN & APPLE SALAD,0,0
Roasted Marmalade Ham,0,0
TAGLIERINI WITH A SIMPLE SWEET TOMATO SAUCE AND SHRIMPS,0,1
CHINESE STEAK & TOFU STEW,0,0
Mexican Inspired Bowl,0,0
HELEN’S RATATOUILLE WITH MASH,0,1
Couscous Chicken Bake,0,0
JAMIE'S SOUTH INDIAN PRAWN CURRY,0,0
Food Allergy Mums Really Chocolatey Chocolate Cake,0,0
STRAWBERRY BUCKWHEAT PANCAKES,0,0
LAMB & CHICKPEA HAND PIES,0,0
"BAKED RICOTTA & TOMATO ORECCHIETTE WITH BROCCOLI, FRESH OREGANO & CHILLI",0,0
Thai Green Curry Style Fish In A Bag,0,1
SPICY SALT DUCK,0,0
Greek Inspired Cauliflower Stew,0,0
VEGETABLE JALFREZI,1,0
TASTY VEGAN LASAGNE,0,0
MANGO & FETA CORNBREAD SALAD,0,1
PRAWN & COCONUT CURRY,0,0
QUICK FISHCAKE,0,0
MUSHROOM BOURGUIGNON,1,0
SPAGHETTI BOLOGNESE,0,0
GENNARO’S BEEF MINCE RAGÙ,0,1
PINK PEPPER NEGRONI,0,0
ROASTED PUMPKIN HOUMOUS,0,0
Rice Lentil Stuffed Aubergines,0,0
SIZZLING MOROCCAN PRAWNS,1,0
MAGNOLIA BLOSSOM PICKLE,0,0
BEEF TACOS,0,0
AMANDA'S LINGUINE VONGOLE,0,1
Baked Tiella Rice,0,0
Fried Cox Apples With Cinnamon Sugar,0,0
My Sumptious Beef Bourguignon,0,0
GLUTEN-FREE CITRUS SHORTBREAD,0,0
KATE & WILL'S WEDDING PIE,0,0
LIMONCELLO,0,0
CHOCOLATE CHIP COOKIES,0,0
Pouting Fish Fingers Sweet Potato Chips Cheat S Basil Mayo,0,0
BAD-ASS CHEESY CORN ON THE COB,1,0
"BLACK PUDDING, POACHED EGG AND SOLDIERS",0,0
BUDDY’S TUNA PASTA,1,0
PORK & PRUNES,0,0
STICKY CINNAMON FIG & YOGHURT BREAKFAST BOWLS,0,0
PERSIAN SQUASH & PISTACHIO ROAST,0,0
GNARLY OVEN-BAKED MUSHROOMS,0,1
Green Curry Crispy Chicken Kimchee Slaw Rice Noodles,0,0
EASY ESSEX HAGGIS,0,0
EGGY BREAD SANDWICH,0,1
CORN CHOWDER WITH A HOMEMADE CHILLI CRACKER,0,1
HERB MARINATED CHICKEN,0,0
ITALIAN TOMATO AND BREAD SALAD,0,0
SAUSAGE AND FENNEL PASTA WITH CHILLI AND PARMESAN,0,1
PUKKOLLA,1,0
Chipotle Fried Fish Clementine Bites,0,1
BRILLIANT BOLOGNESE,0,0
DANNY DEVITO'S FAMILY PASTA,0,0
7-VEG TOMATO SAUCE,0,0
CHOCOLATE PUMPKIN BRÛLÉE PIE,0,0
CHICKEN MOLE,1,0
SAUSAGE PASTA,0,1
BUDDY’S CRISPY-SKINNED FISH,0,0
MEGA VEGGIE BURGERS,0,1
TEAR ‘N’ SHARE GARLIC BREAD,0,0
JAMIE'S CHRISTMAS COCKTAIL,0,0
STUFFED ROAST SQUASH,1,0
Kerryann S Turkish Style Couscous,0,0
Mango Chutney,0,0
Lime Coconut Roulade,0,0
Sweet Pea Fish Pie,0,1
Turkey Con Chilli,0,1
FISH IN A BAG,0,0
FARRO SALAD WITH ROASTED VEG (INSALATA DI FARRO CON VERDURE AL FORNO),0,0
MUM'S SHERRY TRIFLE,0,1
BAKED CHEESECAKE WITH FIG COMPOTE,0,0
SOURDOUGH CRACKERS,0,0
AMAZING DRESSED BEETS,0,0
ALMOND TART WITH FIGS,0,0
PROSCIUTTO & ROCKET FORKS,0,0
Lemon Rice,0,0
SAUSAGE & SQUASH CHILLI,0,0
TERIYAKI PORK RIBS,0,0
PORK BELLY ROAST,0,0
PEACH COBBLER,0,0
BUMBLE-O,0,0
WONDERFUL VEG TAGINE,1,0
TAH CHIN,0,0
RHUBARB & CUSTARD TART,0,0
SOUTHERN FRIED CHICKEN,0,0
CHICKEN & MERGUEZ STEW,0,1
Gurkha Chicken Curry,0,0
GRILLED PEACH SALAD WITH BRESAOLA & A CREAMY DRESSING,0,0
BLACKENED BARBECUED PORK FILLETS,0,0
GRILLED FLATBREADS WITH ROSEMARY OIL,0,0
PEAR SORBET (SORBETTO DI PERE),0,0
VIETNAMESE FISH HOT POT (CA KHO TO),0,0
YOGHURT WITH BLUEBERRY JAM AND ELDERFLOWER CORDIAL,0,0
MIDNIGHT PAN-COOKED BREAKFAST,0,1
TURKEY KOFTE,0,1
CELERIAC SOUP,1,0
CHOCOLATE POTS,0,0
"EGG, PROSCIUTTO, ARTICHOKES, OLIVES, MOZZARELLA, TOMATO SAUCE AND BASIL PIZZA TOPPING",0,0
12-MINUTE SPAGHETTINI,0,0
LEFTOVERS AFFOGATO,0,0
CHRISTMAS CRACKER CHEESE PARCELS & WINTER SALAD,1,0
HOT CROSS SCONES,0,0
WHITEBAIT & DILL MAYO,0,0
Gobble Oink Pie,1,0
SLOW-ROASTED LAMB,0,0
CLAMS CASINO,0,0
CHRISTMAS ICE CREAM SUNDAE,0,0
Posh Japanese Inspired Beef Carpaccio,0,0
SWEET & SPICY BEER CAN CHICKEN,0,0
PERUVIAN CEVICHE,0,0
VENISON CARPACCIO WITH ORANGE AND HORSERADISH,0,0
ULTIMATE VEGGIE LASAGNE,0,0
PROPER CHICKEN PIE,0,0
SEARED SCALLOPS & CREAMY MASH,0,0
RAINBOW JELLY,0,0
SPICY GRILLED VEGETABLE ROLLS & CHICKPEA SALAD,0,0
ROASTED STUFFED PEPPERS,0,0
CROSTINI - TOMATO AND OLIVES,0,0
AUBERGINE PARMESAN MILANESE,0,0
GNOCCHI PUTTANESCA IN A BAG,0,0
JOOLS' SWEET PEA & PRAWN PASTA SHELLS,1,0
CORONATION QUICHE,0,0
GNARLY PEANUT CHICKEN,0,0
MY NYC CHEESECAKE,0,0
CHARRED EGGY BREAD,1,0
JERSEY ROYAL & TALEGGIO TART,0,0
GRAPE & HAZELNUT PIZZA,0,0
THE BEST TEMPURA LOBSTER WITH DIPPING SAUCE,0,1
POMEGRANATE & CHICKEN STEW,0,1
EPIC HOT CHOCOLATE,0,0
BLOODY MARY CRUMPETS,0,0
CHRISTMAS QUICHE,0,0
CHICKEN IN A BAG,0,0
"BEETROOT, RED APPLE & WATERCRESS SALAD",0,0
SUCCULENT LAMB STEW,0,0
COUSCOUS MIXES,0,0
ROLL-AND-GO OMELETTE WRAP,0,0
LEEK & SALMON PARCELS,0,0
VEGGIE PILAF WITH TOASTED NUTS & FETA,0,0
VIVID GREEN RISOTTO,0,0
VEGAN CHOCOLATE TART WITH RHUBARB,0,0
FREEZER-RAID FISH PIE,0,0
AUBERGINE KATSU CURRY,0,1
FROZEN BANOFFEE CHEESECAKE,0,0
BATCH MINCED MEAT RAGÙ,1,0
RUSSELL HOWARD'S CHICKEN & PRAWN CURRY,0,0
"FARRO, CAULIFLOWER & ASPARAGUS SALAD",0,0
SUMMER FISH STEW,0,1
MEDITERRANEAN-STYLE DAB,0,0
CROSTINI - MIXED HERBS,0,0
WINTER BOMBE,0,0
SARDINE SPAGHETTI,1,0
ALE BARLEY LAMB SHANKS,0,0
JAMIE'S TANDOORI CHICKEN,0,0
SIMPLE MINESTRONE SOUP,0,0
TUNA SWEETCORN TAGLIATELLE,0,1
NINI BELLINI,0,0
BARBECUED THAI-STYLE CHICKEN LEGS,0,0
STEPHEN MANGAN'S SRI LANKAN FISH CURRY,0,0
ROLLED OMELETTE WITH SEAWEED,0,1
Playschool Tomato Soup,1,0
JOSH HARTNETT'S PORK RAMEN,0,0
CHILLI CON CARNE MEATBALLS,0,0
Gluten Free Griddle Pan Waffles,0,0
Prawn Chorizo Orzo,0,1
Crunchy Cajun Chicken,0,1
WHOLEWHEAT MAPLE CINNAMON BUNS,1,0
TOASTED POPEYE BREAD,0,1
XIM XIM DE GALINHA,0,0
CROSTINI (SMALL TOASTED BREAD),0,0
ICED BUNS,1,0
PUMPKIN PIE WITH PECAN CRUMBLE,0,0
SIMPLE NOODLE SOUP,0,0
BEEF & BARLEY BUN WITH HORSERADISH,0,0
PAN-FRIED LEMON SOLE FILLETS WITH SALSA VERDE,0,0
PORCHETTA DI DAVIDA,0,0
SPICY KOFTA KEBABS,0,0
FAMILY SPAGHETTI BOLOGNESE,0,0
SCRUFFY VEG LASAGNE,0,1
"SHAKSHUKA, MY STYLE",1,0
CLEMENTINE JELLY,0,0
SCALLOPED POTATOES,0,0
Mary Berry S Whole Roasted Trout,0,0
